Workbook

Sheet EQUIPES
A1: FONTE VITACARE
C2: Proporção de gestantes com atendimento odontológico realizado nos últimos 12 meses
A3: UNIDADE | B3: 2026 | C3: JAN | D3: FEV | E3: MAR | F3: ABR | G3: MAI | H3: JUN | I3: JUL | J3: AGO | K3: SET | L3: OUT | M3: NOV | N3: DEZ | O3: 1 trim | P3: 2 trim | Q3: 3 trim | R3: 4 trim
A4: CF OFD | B4: =SUM(C18:N21)/SUM(C44:N47) -> 0.27530726 | C4: =(C$18+C$19+C$20+C$21)/(C$44+C$45+C$46+C$47) -> 0.31847134 | D4: =(D$18+D$19+D$20+D$21)/(D$44+D$45+D$46+D$47) -> 0.32769556 | E4: =(E$18+E$19+E$20+E$21)/(E$44+E$45+E$46+E$47) -> 0.29136691 | F4: =(F$18+F$19+F$20+F$21)/(F$44+F$45+F$46+F$47) -> 0.29061372 | G4: =IF((G$44+G$45+G$46+G$47)=0,"-",(G$18+G$19+G$20+G$21)/(G$44+G$45+G$46+G$47)) -> 0.24760383 | H4: =IF((H$44+H$45+H$46+H$47)=0,"-",(H$18+H$19+H$20+H$21)/(H$44+H$45+H$46+H$47)) -> 0.24273504 | I4: =IF((I$44+I$45+I$46+I$47)=0,"-",(I$18+I$19+I$20+I$21)/(I$44+I$45+I$46+I$47)) -> 0.26006711 | J4: =IF((J$44+J$45+J$46+J$47)=0,"-",(J$18+J$19+J$20+J$21)/(J$44+J$45+J$46+J$47)) -> 0.247557 | K4: =IF((K$44+K$45+K$46+K$47)=0,"-",(K$18+K$19+K$20+K$21)/(K$44+K$45+K$46+K$47)) -> - | L4: =IF((L$44+L$45+L$46+L$47)=0,"-",(L$18+L$19+L$20+L$21)/(L$44+L$45+L$46+L$47)) -> - | M4: =IF((M$44+M$45+M$46+M$47)=0,"-",(M$18+M$19+M$20+M$21)/(M$44+M$45+M$46+M$47)) -> - | N4: =IF((N$44+N$45+N$46+N$47)=0,"-",(N$18+N$19+N$20+N$21)/(N$44+N$45+N$46+N$47)) -> - | O4: =IF((O$44+O$45+O$46+O$47)=0,"0",(O$18+O$19+O$20+O$21)/(O$44+O$45+O$46+O$47)) -> 0.31133333 | P4: =IF((P$44+P$45+P$46+P$47)=0,"0",(P$18+P$19+P$20+P$21)/(P$44+P$45+P$46+P$47)) -> 0.25949008 | Q4: =IF((Q$44+Q$45+Q$46+Q$47)=0,"0",(Q$18+Q$19+Q$20+Q$21)/(Q$44+Q$45+Q$46+Q$47)) -> 0.25371901 | R4: =IF((R$44+R$45+R$46+R$47)=0,"0",(R$18+R$19+R$20+R$21)/(R$44+R$45+R$46+R$47)) -> 0
A5: CF RT | B5: =SUM(C22:N23)/SUM(C48:N49) -> 0.29967069 | C5: =(C$22+C$23)/(C$48+C$49) -> 0.27439024 | D5: =(D$22+D$23)/(D$48+D$49) -> 0.27596439 | E5: =(E$22+E$23)/(E$48+E$49) -> 0.27728614 | F5: =(F$22+F$23)/(F$48+F$49) -> 0.28571429 | G5: =IF((G$48+G$49)=0,"-",(G$22+G$23)/(G$48+G$49)) -> 0.3090379 | H5: =IF((H$48+H$49)=0,"-",(H$22+H$23)/(H$48+H$49)) -> 0.33333333 | I5: =IF((I$48+I$49)=0,"-",(I$22+I$23)/(I$48+I$49)) -> 0.31964809 | J5: =IF((J$48+J$49)=0,"-",(J$22+J$23)/(J$48+J$49)) -> 0.31920904 | K5: =IF((K$48+K$49)=0,"-",(K$22+K$23)/(K$48+K$49)) -> - | L5: =IF((L$48+L$49)=0,"-",(L$22+L$23)/(L$48+L$49)) -> - | M5: =IF((M$48+M$49)=0,"-",(M$22+M$23)/(M$48+M$49)) -> - | N5: =IF((N$48+N$49)=0,"-",(N$22+N$23)/(N$48+N$49)) -> - | O5: =IF((O$48+O$49)=0,"0",(O$22+O$23)/(O$48+O$49)) -> 0.27589641 | P5: =IF((P$48+P$49)=0,"0",(P$22+P$23)/(P$48+P$49)) -> 0.30947776 | Q5: =IF((Q$48+Q$49)=0,"0",(Q$22+Q$23)/(Q$48+Q$49)) -> 0.31942446 | R5: =IF((R$48+R$49)=0,"0",(R$22+R$23)/(R$48+R$49)) -> 0
A6: CMS CFF | B6: =SUM(C24:N25)/SUM(C50:N51) -> 0.31714049 | C6: =(C$24+C$25)/(C$50+C$51) -> 0.32167832 | D6: =(D$24+D$25)/(D$50+D$51) -> 0.31376975 | E6: =(E$24+E$25)/(E$50+E$51) -> 0.31848552 | F6: =(F$24+F$25)/(F$50+F$51) -> 0.31346578 | G6: =IF((G$50+G$51)=0,"-",(G$24+G$25)/(G$50+G$51)) -> 0.31140351 | H6: =IF((H$50+H$51)=0,"-",(H$24+H$25)/(H$50+H$51)) -> 0.31601732 | I6: =IF((I$50+I$51)=0,"-",(I$24+I$25)/(I$50+I$51)) -> 0.31956522 | J6: =IF((J$50+J$51)=0,"-",(J$24+J$25)/(J$50+J$51)) -> 0.32271762 | K6: =IF((K$50+K$51)=0,"-",(K$24+K$25)/(K$50+K$51)) -> - | L6: =IF((L$50+L$51)=0,"-",(L$24+L$25)/(L$50+L$51)) -> - | M6: =IF((M$50+M$51)=0,"-",(M$24+M$25)/(M$50+M$51)) -> - | N6: =IF((N$50+N$51)=0,"-",(N$24+N$25)/(N$50+N$51)) -> - | O6: =IF((O$50+O$51)=0,"0",(O$24+O$25)/(O$50+O$51)) -> 0.31794095 | P6: =IF((P$50+P$51)=0,"0",(P$24+P$25)/(P$50+P$51)) -> 0.31363968 | Q6: =IF((Q$50+Q$51)=0,"0",(Q$24+Q$25)/(Q$50+Q$51)) -> 0.32116004 | R6: =IF((R$50+R$51)=0,"0",(R$24+R$25)/(R$50+R$51)) -> 0
A7: CMS CB | B7: =SUM(C26:N26)/SUM(C52:N52) -> 0.22580645 | C7: =(C$26)/(C$52) -> 0.18064516 | D7: =(D$26)/(D$52) -> 0.19354839 | E7: =(E$26)/(E$52) -> 0.22012579 | F7: =(F$26)/(F$52) -> 0.21212121 | G7: =IF((G$52)=0,"-",(G$26)/(G$52)) -> 0.17901235 | H7: =IF((H$52)=0,"-",(H$26)/(H$52)) -> 0.23214286 | I7: =IF((I$52)=0,"-",(I$26)/(I$52)) -> 0.26785714 | J7: =IF((J$52)=0,"-",(J$26)/(J$52)) -> 0.31176471 | K7: =IF((K$52)=0,"-",(K$26)/(K$52)) -> - | L7: =IF((L$52)=0,"-",(L$26)/(L$52)) -> - | M7: =IF((M$52)=0,"-",(M$26)/(M$52)) -> - | N7: =IF((N$52)=0,"-",(N$26)/(N$52)) -> - | O7: =IF((O$52)=0,"0",(O$26)/(O$52)) -> 0.19829424 | P7: =IF((P$52)=0,"0",(P$26)/(P$52)) -> 0.20808081 | Q7: =IF((Q$52)=0,"0",(Q$26)/(Q$52)) -> 0.28994083 | R7: =IF((R$52)=0,"0",(R$26)/(R$52)) -> 0
A8: CMS HB | B8: =SUM(C27:N30)/SUM(C53:N56) -> 0.15549064 | C8: =(C$27+C$28+C$29+C$30)/(C$53+C$54+C$55+C$56) -> 0.17545748 | D8: =(D$27+D$28+D$29+D$30)/(D$53+D$54+D$55+D$56) -> 0.1629393 | E8: =(E$27+E$28+E$29+E$30)/(E$53+E$54+E$55+E$56) -> 0.16432432 | F8: =(F$27+F$28+F$29+F$30)/(F$53+F$54+F$55+F$56) -> 0.15671642 | G8: =IF((G$53+G$54+G$55+G$56)=0,"-",(G$27+G$28+G$29+G$30)/(G$53+G$54+G$55+G$56)) -> 0.15294118 | H8: =IF((H$53+H$54+H$55+H$56)=0,"-",(H$27+H$28+H$29+H$30)/(H$53+H$54+H$55+H$56)) -> 0.14631579 | I8: =IF((I$53+I$54+I$55+I$56)=0,"-",(I$27+I$28+I$29+I$30)/(I$53+I$54+I$55+I$56)) -> 0.14450262 | J8: =IF((J$53+J$54+J$55+J$56)=0,"-",(J$27+J$28+J$29+J$30)/(J$53+J$54+J$55+J$56)) -> 0.14166667 | K8: =IF((K$53+K$54+K$55+K$56)=0,"-",(K$27+K$28+K$29+K$30)/(K$53+K$54+K$55+K$56)) -> - | L8: =IF((L$53+L$54+L$55+L$56)=0,"-",(L$27+L$28+L$29+L$30)/(L$53+L$54+L$55+L$56)) -> - | M8: =IF((M$53+M$54+M$55+M$56)=0,"-",(M$27+M$28+M$29+M$30)/(M$53+M$54+M$55+M$56)) -> - | N8: =IF((N$53+N$54+N$55+N$56)=0,"-",(N$27+N$28+N$29+N$30)/(N$53+N$54+N$55+N$56)) -> - | O8: =IF((O$53+O$54+O$55+O$56)=0,"0",(O$27+O$28+O$29+O$30)/(O$53+O$54+O$55+O$56)) -> 0.16756176 | P8: =IF((P$53+P$54+P$55+P$56)=0,"0",(P$27+P$28+P$29+P$30)/(P$53+P$54+P$55+P$56)) -> 0.15196599 | Q8: =IF((Q$53+Q$54+Q$55+Q$56)=0,"0",(Q$27+Q$28+Q$29+Q$30)/(Q$53+Q$54+Q$55+Q$56)) -> 0.14308094 | R8: =IF((R$53+R$54+R$55+R$56)=0,"0",(R$27+R$28+R$29+R$30)/(R$53+R$54+R$55+R$56)) -> 0
A9: CMS HP | B9: =SUM(C31:N33)/SUM(C57:N59) -> 0.3971257 | C9: =(C$31+C$32+C$33)/(C$57+C$58+C$59) -> 0.44042232 | D9: =(D$31+D$32+D$33)/(D$57+D$58+D$59) -> 0.43941606 | E9: =(E$31+E$32+E$33)/(E$57+E$58+E$59) -> 0.43043478 | F9: =(F$31+F$32+F$33)/(F$57+F$58+F$59) -> 0.43043478 | G9: =IF((G$57+G$58+G$59)=0,"-",(G$31+G$32+G$33)/(G$57+G$58+G$59)) -> 0.38428571 | H9: =IF((H$57+H$58+H$59)=0,"-",(H$31+H$32+H$33)/(H$57+H$58+H$59)) -> 0.35693642 | I9: =IF((I$57+I$58+I$59)=0,"-",(I$31+I$32+I$33)/(I$57+I$58+I$59)) -> 0.34934498 | J9: =IF((J$57+J$58+J$59)=0,"-",(J$31+J$32+J$33)/(J$57+J$58+J$59)) -> 0.34782609 | K9: =IF((K$57+K$58+K$59)=0,"-",(K$31+K$32+K$33)/(K$57+K$58+K$59)) -> - | L9: =IF((L$57+L$58+L$59)=0,"-",(L$31+L$32+L$33)/(L$57+L$58+L$59)) -> - | M9: =IF((M$57+M$58+M$59)=0,"-",(M$31+M$32+M$33)/(M$57+M$58+M$59)) -> - | N9: =IF((N$57+N$58+N$59)=0,"-",(N$31+N$32+N$33)/(N$57+N$58+N$59)) -> - | O9: =IF((O$57+O$58+O$59)=0,"0",(O$31+O$32+O$33)/(O$57+O$58+O$59)) -> 0.43670265 | P9: =IF((P$57+P$58+P$59)=0,"0",(P$31+P$32+P$33)/(P$57+P$58+P$59)) -> 0.39048991 | Q9: =IF((Q$57+Q$58+Q$59)=0,"0",(Q$31+Q$32+Q$33)/(Q$57+Q$58+Q$59)) -> 0.34858388 | R9: =IF((R$57+R$58+R$59)=0,"0",(R$31+R$32+R$33)/(R$57+R$58+R$59)) -> 0
A10: CMS MAE | B10: =SUM(C34:N36)/SUM(C60:N62) -> 0.23178458 | C10: =(C$34+C$35+C$36)/(C$60+C$61+C$62) -> 0.22439759 | D10: =(D$34+D$35+D$36)/(D$60+D$61+D$62) -> 0.21837349 | E10: =(E$34+E$35+E$36)/(E$60+E$61+E$62) -> 0.21925926 | F10: =(F$34+F$35+F$36)/(F$60+F$61+F$62) -> 0.2244898 | G10: =IF((G$60+G$61+G$62)=0,"-",(G$34+G$35+G$36)/(G$60+G$61+G$62)) -> 0.23153409 | H10: =IF((H$60+H$61+H$62)=0,"-",(H$34+H$35+H$36)/(H$60+H$61+H$62)) -> 0.24309392 | I10: =IF((I$60+I$61+I$62)=0,"-",(I$34+I$35+I$36)/(I$60+I$61+I$62)) -> 0.24348958 | J10: =IF((J$60+J$61+J$62)=0,"-",(J$34+J$35+J$36)/(J$60+J$61+J$62)) -> 0.2446675 | K10: =IF((K$60+K$61+K$62)=0,"-",(K$34+K$35+K$36)/(K$60+K$61+K$62)) -> - | L10: =IF((L$60+L$61+L$62)=0,"-",(L$34+L$35+L$36)/(L$60+L$61+L$62)) -> - | M10: =IF((M$60+M$61+M$62)=0,"-",(M$34+M$35+M$36)/(M$60+M$61+M$62)) -> - | N10: =IF((N$60+N$61+N$62)=0,"-",(N$34+N$35+N$36)/(N$60+N$61+N$62)) -> - | O10: =IF((O$60+O$61+O$62)=0,"0",(O$34+O$35+O$36)/(O$60+O$61+O$62)) -> 0.220669 | P10: =IF((P$60+P$61+P$62)=0,"0",(P$34+P$35+P$36)/(P$60+P$61+P$62)) -> 0.23320719 | Q10: =IF((Q$60+Q$61+Q$62)=0,"0",(Q$34+Q$35+Q$36)/(Q$60+Q$61+Q$62)) -> 0.24408946 | R10: =IF((R$60+R$61+R$62)=0,"0",(R$34+R$35+R$36)/(R$60+R$61+R$62)) -> 0
A11: CMS NA | B11: =SUM(C37:N37)/SUM(C63:N63) -> 0.22743682 | C11: =(C$37)/(C$63) -> 0.16569767 | D11: =(D$37)/(D$63) -> 0.18181818 | E11: =(E$37)/(E$63) -> 0.21282799 | F11: =(F$37)/(F$63) -> 0.2228739 | G11: =IF((G$63)=0,"-",(G$37)/(G$63)) -> 0.24225352 | H11: =IF((H$63)=0,"-",(H$37)/(H$63)) -> 0.23235294 | I11: =IF((I$63)=0,"-",(I$37)/(I$63)) -> 0.26628895 | J11: =IF((J$63)=0,"-",(J$37)/(J$63)) -> 0.2917847 | K11: =IF((K$63)=0,"-",(K$37)/(K$63)) -> - | L11: =IF((L$63)=0,"-",(L$37)/(L$63)) -> - | M11: =IF((M$63)=0,"-",(M$37)/(M$63)) -> - | N11: =IF((N$63)=0,"-",(N$37)/(N$63)) -> - | O11: =IF((O$63)=0,"0",(O$37)/(O$63)) -> 0.18677043 | P11: =IF((P$63)=0,"0",(P$37)/(P$63)) -> 0.23262548 | Q11: =IF((Q$63)=0,"0",(Q$37)/(Q$63)) -> 0.27903683 | R11: =IF((R$63)=0,"0",(R$37)/(R$63)) -> 0
A12: CMS NR | B12: =SUM(C38:N38)/SUM(C64:N64) -> 0.31270358 | C12: =(C$38)/(C$64) -> 0.29081633 | D12: =(D$38)/(D$64) -> 0.29591837 | E12: =(E$38)/(E$64) -> 0.30964467 | F12: =(F$38)/(F$64) -> 0.29081633 | G12: =IF((G$64)=0,"-",(G$38)/(G$64)) -> 0.30890052 | H12: =IF((H$64)=0,"-",(H$38)/(H$64)) -> 0.32804233 | I12: =IF((I$64)=0,"-",(I$38)/(I$64)) -> 0.33510638 | J12: =IF((J$64)=0,"-",(J$38)/(J$64)) -> 0.34615385 | K12: =IF((K$64)=0,"-",(K$38)/(K$64)) -> - | L12: =IF((L$64)=0,"-",(L$38)/(L$64)) -> - | M12: =IF((M$64)=0,"-",(M$38)/(M$64)) -> - | N12: =IF((N$64)=0,"-",(N$38)/(N$64)) -> - | O12: =IF((O$64)=0,"0",(O$38)/(O$64)) -> 0.29881155 | P12: =IF((P$64)=0,"0",(P$38)/(P$64)) -> 0.30902778 | Q12: =IF((Q$64)=0,"0",(Q$38)/(Q$64)) -> 0.34054054 | R12: =IF((R$64)=0,"0",(R$38)/(R$64)) -> 0
A13: CAP 2.2 | B13: =SUM(C39:N39)/SUM(C65:N65) -> 0.26388415 | C13: =(C$39)/(C$65) -> 0.26896387 | D13: =(D$39)/(D$65) -> 0.26836759 | E13: =(E$39)/(E$65) -> 0.26886684 | F13: =(F$39)/(F$65) -> 0.26729272 | G13: =IF((G$65)=0,"-",(G$39)/(G$65)) -> 0.25760286 | H13: =IF((H$65)=0,"-",(H$39)/(H$65)) -> 0.25706595 | I13: =IF((I$65)=0,"-",(I$39)/(I$65)) -> 0.26085031 | J13: =IF((J$65)=0,"-",(J$39)/(J$65)) -> 0.26290569 | K13: =IF((K$65)=0,"-",(K$39)/(K$65)) -> - | L13: =IF((L$65)=0,"-",(L$39)/(L$65)) -> - | M13: =IF((M$65)=0,"-",(M$39)/(M$65)) -> - | N13: =IF((N$65)=0,"-",(N$39)/(N$65)) -> - | O13: =IF((O$65)=0,"0",(O$39)/(O$65)) -> 0.26873284 | P13: =IF((P$65)=0,"0",(P$39)/(P$65)) -> 0.26060469 | Q13: =IF((Q$65)=0,"0",(Q$39)/(Q$65)) -> 0.26188646 | R13: =IF((R$65)=0,"0",(R$39)/(R$65)) -> 0
A15: Numerador - atendidas pela odonto
C16: Numero de gestantes que passaram pela odonto antes do encerramento do pré natal
A17: UNIDADE | C17: JAN | D17: FEV | E17: MAR | F17: ABR | G17: MAI | H17: JUN | I17: JUL | J17: AGO | K17: SET | L17: OUT | M17: NOV | N17: DEZ | O17: 1 trim | P17: 2 trim | Q17: 3 trim | R17: 4 trim
A18: CF ODALEA FIRMO DUTRA | B18: ADOLFO CAMINHA ESB | C18: =SUMIF(jan!$A$1:$A$100,"ADOLFO CAMINHA",jan!$D$1:$D$100)+SUMIF(jan!$A$1:$A$100,"ITORORO",jan!$D$1:$D$100) -> 14 | D18: =SUMIF(fev!$A$1:$A$100,"ADOLFO CAMINHA",fev!$D$1:$D$100)+SUMIF(fev!$A$1:$A$100,"ITORORO",fev!$D$1:$D$100) -> 16 | E18: =SUMIF(mar!$A$1:$A$100,"ADOLFO CAMINHA",mar!$D$1:$D$100)+SUMIF(mar!$A$1:$A$100,"ITORORO",mar!$D$1:$D$100) -> 20 | F18: =SUMIF(abr!$A$1:$A$100,"ADOLFO CAMINHA",abr!$D$1:$D$100)+SUMIF(abr!$A$1:$A$100,"ITORORO",abr!$D$1:$D$100) -> 22 | G18: =SUMIF(mai!$A$1:$A$100,"ADOLFO CAMINHA",mai!$D$1:$D$100)+SUMIF(mai!$A$1:$A$100,"ITORORO",mai!$D$1:$D$100) -> 32 | H18: =SUMIF(jun!$A$1:$A$100,"ADOLFO CAMINHA",jun!$D$1:$D$100)+SUMIF(jun!$A$1:$A$100,"ITORORO",jun!$D$1:$D$100) -> 31 | I18: =SUMIF(jul!$A$1:$A$100,"ADOLFO CAMINHA",jul!$D$1:$D$100)+SUMIF(jul!$A$1:$A$100,"ITORORO",jul!$D$1:$D$100) -> 44 | J18: =SUMIF(ago!$A$1:$A$100,"ADOLFO CAMINHA",ago!$D$1:$D$100)+SUMIF(ago!$A$1:$A$100,"ITORORO",ago!$D$1:$D$100) -> 49 | K18: =SUMIF(set!$A$1:$A$100,"ADOLFO CAMINHA",set!$D$1:$D$100)+SUMIF(set!$A$1:$A$100,"ITORORO",set!$D$1:$D$100) -> 0 | L18: =SUMIF(out!$A$1:$A$100,"ADOLFO CAMINHA",out!$D$1:$D$100)+SUMIF(out!$A$1:$A$100,"ITORORO",out!$D$1:$D$100) -> 0 | M18: =SUMIF(nov!$A$1:$A$100,"ADOLFO CAMINHA",nov!$D$1:$D$100)+SUMIF(nov!$A$1:$A$100,"ITORORO",nov!$D$1:$D$100) -> 0 | N18: =SUMIF(dez!$A$1:$A$100,"ADOLFO CAMINHA",dez!$D$1:$D$100)+SUMIF(dez!$A$1:$A$100,"ITORORO",dez!$D$1:$D$100) -> 0 | O18: =C18+D18+E18 -> 50 | P18: =F18+G18+H18 -> 85 | Q18: =I18+J18+K18 -> 93 | R18: =L18+M18+N18 -> 0
B19: SANTO ESTEVAO ESB | C19: =SUMIF(jan!$A$1:$A$100,"SANTO ESTEVAO",jan!$D$1:$D$100)+SUMIF(jan!$A$1:$A$100,"GASTAO PENALVA I",jan!$D$1:$D$100)++SUMIF(jan!$A$1:$A$100,"GASTAO PENALVA II",jan!$D$1:$D$100) -> 68 | D19: =SUMIF(fev!$A$1:$A$100,"SANTO ESTEVAO",fev!$D$1:$D$100)+SUMIF(fev!$A$1:$A$100,"GASTAO PENALVA I",fev!$D$1:$D$100)++SUMIF(fev!$A$1:$A$100,"GASTAO PENALVA II",fev!$D$1:$D$100) -> 69 | E19: =SUMIF(mar!$A$1:$A$100,"SANTO ESTEVAO",mar!$D$1:$D$100)+SUMIF(mar!$A$1:$A$100,"GASTAO PENALVA I",mar!$D$1:$D$100)++SUMIF(mar!$A$1:$A$100,"GASTAO PENALVA II",mar!$D$1:$D$100) -> 79 | F19: =SUMIF(abr!$A$1:$A$100,"SANTO ESTEVAO",abr!$D$1:$D$100)+SUMIF(abr!$A$1:$A$100,"GASTAO PENALVA I",abr!$D$1:$D$100)++SUMIF(abr!$A$1:$A$100,"GASTAO PENALVA II",abr!$D$1:$D$100) -> 78 | G19: =SUMIF(mai!$A$1:$A$100,"SANTO ESTEVAO",mai!$D$1:$D$100)+SUMIF(mai!$A$1:$A$100,"GASTAO PENALVA I",mai!$D$1:$D$100)++SUMIF(mai!$A$1:$A$100,"GASTAO PENALVA II",mai!$D$1:$D$100) -> 59 | H19: =SUMIF(jun!$A$1:$A$100,"SANTO ESTEVAO",jun!$D$1:$D$100)+SUMIF(jun!$A$1:$A$100,"GASTAO PENALVA I",jun!$D$1:$D$100)++SUMIF(jun!$A$1:$A$100,"GASTAO PENALVA II",jun!$D$1:$D$100) -> 49 | I19: =SUMIF(jul!$A$1:$A$100,"SANTO ESTEVAO",jul!$D$1:$D$100)+SUMIF(jul!$A$1:$A$100,"GASTAO PENALVA I",jul!$D$1:$D$100)++SUMIF(jul!$A$1:$A$100,"GASTAO PENALVA II",jul!$D$1:$D$100) -> 51 | J19: =SUMIF(ago!$A$1:$A$100,"SANTO ESTEVAO",ago!$D$1:$D$100)+SUMIF(ago!$A$1:$A$100,"GASTAO PENALVA I",ago!$D$1:$D$100)++SUMIF(ago!$A$1:$A$100,"GASTAO PENALVA II",ago!$D$1:$D$100) -> 42 | K19: =SUMIF(set!$A$1:$A$100,"SANTO ESTEVAO",set!$D$1:$D$100)+SUMIF(set!$A$1:$A$100,"GASTAO PENALVA I",set!$D$1:$D$100)++SUMIF(set!$A$1:$A$100,"GASTAO PENALVA II",set!$D$1:$D$100) -> 0 | L19: =SUMIF(out!$A$1:$A$100,"SANTO ESTEVAO",out!$D$1:$D$100)+SUMIF(out!$A$1:$A$100,"GASTAO PENALVA I",out!$D$1:$D$100)++SUMIF(out!$A$1:$A$100,"GASTAO PENALVA II",out!$D$1:$D$100) -> 0 | M19: =SUMIF(nov!$A$1:$A$100,"SANTO ESTEVAO",nov!$D$1:$D$100)+SUMIF(nov!$A$1:$A$100,"GASTAO PENALVA I",nov!$D$1:$D$100)++SUMIF(nov!$A$1:$A$100,"GASTAO PENALVA II",nov!$D$1:$D$100) -> 0 | N19: =SUMIF(dez!$A$1:$A$100,"SANTO ESTEVAO",dez!$D$1:$D$100)+SUMIF(dez!$A$1:$A$100,"GASTAO PENALVA I",dez!$D$1:$D$100)++SUMIF(dez!$A$1:$A$100,"GASTAO PENALVA II",dez!$D$1:$D$100) -> 0 | O19: =C19+D19+E19 -> 216 | P19: =F19+G19+H19 -> 186 | Q19: =I19+J19+K19 -> 93 | R19: =L19+M19+N19 -> 0
B20: ARAXA ESB | C20: =SUMIF(jan!$A$1:$A$100,"ARAXA",jan!$D$1:$D$100)+SUMIF(jan!$A$1:$A$100,"UBERABA",jan!$D$1:$D$100) -> 39 | D20: =SUMIF(fev!$A$1:$A$100,"ARAXA",fev!$D$1:$D$100)+SUMIF(fev!$A$1:$A$100,"UBERABA",fev!$D$1:$D$100) -> 41 | E20: =SUMIF(mar!$A$1:$A$100,"ARAXA",mar!$D$1:$D$100)+SUMIF(mar!$A$1:$A$100,"UBERABA",mar!$D$1:$D$100) -> 35 | F20: =SUMIF(abr!$A$1:$A$100,"ARAXA",abr!$D$1:$D$100)+SUMIF(abr!$A$1:$A$100,"UBERABA",abr!$D$1:$D$100) -> 33 | G20: =SUMIF(mai!$A$1:$A$100,"ARAXA",mai!$D$1:$D$100)+SUMIF(mai!$A$1:$A$100,"UBERABA",mai!$D$1:$D$100) -> 37 | H20: =SUMIF(jun!$A$1:$A$100,"ARAXA",jun!$D$1:$D$100)+SUMIF(jun!$A$1:$A$100,"UBERABA",jun!$D$1:$D$100) -> 38 | I20: =SUMIF(jul!$A$1:$A$100,"ARAXA",jul!$D$1:$D$100)+SUMIF(jul!$A$1:$A$100,"UBERABA",jul!$D$1:$D$100) -> 36 | J20: =SUMIF(ago!$A$1:$A$100,"ARAXA",ago!$D$1:$D$100)+SUMIF(ago!$A$1:$A$100,"UBERABA",ago!$D$1:$D$100) -> 35 | K20: =SUMIF(set!$A$1:$A$100,"ARAXA",set!$D$1:$D$100)+SUMIF(set!$A$1:$A$100,"UBERABA",set!$D$1:$D$100) -> 0 | L20: =SUMIF(out!$A$1:$A$100,"ARAXA",out!$D$1:$D$100)+SUMIF(out!$A$1:$A$100,"UBERABA",out!$D$1:$D$100) -> 0 | M20: =SUMIF(nov!$A$1:$A$100,"ARAXA",nov!$D$1:$D$100)+SUMIF(nov!$A$1:$A$100,"UBERABA",nov!$D$1:$D$100) -> 0 | N20: =SUMIF(dez!$A$1:$A$100,"ARAXA",dez!$D$1:$D$100)+SUMIF(dez!$A$1:$A$100,"UBERABA",dez!$D$1:$D$100) -> 0 | O20: =C20+D20+E20 -> 115 | P20: =F20+G20+H20 -> 108 | Q20: =I20+J20+K20 -> 71 | R20: =L20+M20+N20 -> 0
B21: FURNAS ESB | C21: =SUMIF(jan!$A$1:$A$100,"FURNAS",jan!$D$1:$D$100)+SUMIF(jan!$A$1:$A$100,"ESPERANCA",jan!$D$1:$D$100) -> 29 | D21: =SUMIF(fev!$A$1:$A$100,"FURNAS",fev!$D$1:$D$100)+SUMIF(fev!$A$1:$A$100,"ESPERANCA",fev!$D$1:$D$100) -> 29 | E21: =SUMIF(mar!$A$1:$A$100,"FURNAS",mar!$D$1:$D$100)+SUMIF(mar!$A$1:$A$100,"ESPERANCA",mar!$D$1:$D$100) -> 28 | F21: =SUMIF(abr!$A$1:$A$100,"FURNAS",abr!$D$1:$D$100)+SUMIF(abr!$A$1:$A$100,"ESPERANCA",abr!$D$1:$D$100) -> 28 | G21: =SUMIF(mai!$A$1:$A$100,"FURNAS",mai!$D$1:$D$100)+SUMIF(mai!$A$1:$A$100,"ESPERANCA",mai!$D$1:$D$100) -> 27 | H21: =SUMIF(jun!$A$1:$A$100,"FURNAS",jun!$D$1:$D$100)+SUMIF(jun!$A$1:$A$100,"ESPERANCA",jun!$D$1:$D$100) -> 24 | I21: =SUMIF(jul!$A$1:$A$100,"FURNAS",jul!$D$1:$D$100)+SUMIF(jul!$A$1:$A$100,"ESPERANCA",jul!$D$1:$D$100) -> 24 | J21: =SUMIF(ago!$A$1:$A$100,"FURNAS",ago!$D$1:$D$100)+SUMIF(ago!$A$1:$A$100,"ESPERANCA",ago!$D$1:$D$100) -> 26 | K21: =SUMIF(set!$A$1:$A$100,"FURNAS",set!$D$1:$D$100)+SUMIF(set!$A$1:$A$100,"ESPERANCA",set!$D$1:$D$100) -> 0 | L21: =SUMIF(out!$A$1:$A$100,"FURNAS",out!$D$1:$D$100)+SUMIF(out!$A$1:$A$100,"ESPERANCA",out!$D$1:$D$100) -> 0 | M21: =SUMIF(nov!$A$1:$A$100,"FURNAS",nov!$D$1:$D$100)+SUMIF(nov!$A$1:$A$100,"ESPERANCA",nov!$D$1:$D$100) -> 0 | N21: =SUMIF(dez!$A$1:$A$100,"FURNAS",dez!$D$1:$D$100)+SUMIF(dez!$A$1:$A$100,"ESPERANCA",dez!$D$1:$D$100) -> 0 | O21: =C21+D21+E21 -> 86 | P21: =F21+G21+H21 -> 79 | Q21: =I21+J21+K21 -> 50 | R21: =L21+M21+N21 -> 0
A22: CF RECANTO DO TROVADOR | B22: POPULAR ESB | C22: =SUMIF(jan!$A$1:$A$100,"POPULAR",jan!$D$1:$D$100)+SUMIF(jan!$A$1:$A$100,"CARUARU",jan!$D$1:$D$100) -> 44 | D22: =SUMIF(fev!$A$1:$A$100,"POPULAR",fev!$D$1:$D$100)+SUMIF(fev!$A$1:$A$100,"CARUARU",fev!$D$1:$D$100) -> 46 | E22: =SUMIF(mar!$A$1:$A$100,"POPULAR",mar!$D$1:$D$100)+SUMIF(mar!$A$1:$A$100,"CARUARU",mar!$D$1:$D$100) -> 54 | F22: =SUMIF(abr!$A$1:$A$100,"POPULAR",abr!$D$1:$D$100)+SUMIF(abr!$A$1:$A$100,"CARUARU",abr!$D$1:$D$100) -> 55 | G22: =SUMIF(mai!$A$1:$A$100,"POPULAR",mai!$D$1:$D$100)+SUMIF(mai!$A$1:$A$100,"CARUARU",mai!$D$1:$D$100) -> 62 | H22: =SUMIF(jun!$A$1:$A$100,"POPULAR",jun!$D$1:$D$100)+SUMIF(jun!$A$1:$A$100,"CARUARU",jun!$D$1:$D$100) -> 67 | I22: =SUMIF(jul!$A$1:$A$100,"POPULAR",jul!$D$1:$D$100)+SUMIF(jul!$A$1:$A$100,"CARUARU",jul!$D$1:$D$100) -> 64 | J22: =SUMIF(ago!$A$1:$A$100,"POPULAR",ago!$D$1:$D$100)+SUMIF(ago!$A$1:$A$100,"CARUARU",ago!$D$1:$D$100) -> 69 | K22: =SUMIF(set!$A$1:$A$100,"POPULAR",set!$D$1:$D$100)+SUMIF(set!$A$1:$A$100,"CARUARU",set!$D$1:$D$100) -> 0 | L22: =SUMIF(out!$A$1:$A$100,"POPULAR",out!$D$1:$D$100)+SUMIF(out!$A$1:$A$100,"CARUARU",out!$D$1:$D$100) -> 0 | M22: =SUMIF(nov!$A$1:$A$100,"POPULAR",nov!$D$1:$D$100)+SUMIF(nov!$A$1:$A$100,"CARUARU",nov!$D$1:$D$100) -> 0 | N22: =SUMIF(dez!$A$1:$A$100,"POPULAR",dez!$D$1:$D$100)+SUMIF(dez!$A$1:$A$100,"CARUARU",dez!$D$1:$D$100) -> 0 | O22: =C22+D22+E22 -> 144 | P22: =F22+G22+H22 -> 184 | Q22: =I22+J22+K22 -> 133 | R22: =L22+M22+N22 -> 0
B23: MARTINHO DA VILA ESB | C23: =SUMIF(jan!$A$1:$A$100,"MARTINHO DA VILA",jan!$D$1:$D$100)+SUMIF(jan!$A$1:$A$100,"NOEL ROSA",jan!$D$1:$D$100) -> 46 | D23: =SUMIF(fev!$A$1:$A$100,"MARTINHO DA VILA",fev!$D$1:$D$100)+SUMIF(fev!$A$1:$A$100,"NOEL ROSA",fev!$D$1:$D$100) -> 47 | E23: =SUMIF(mar!$A$1:$A$100,"MARTINHO DA VILA",mar!$D$1:$D$100)+SUMIF(mar!$A$1:$A$100,"NOEL ROSA",mar!$D$1:$D$100) -> 40 | F23: =SUMIF(abr!$A$1:$A$100,"MARTINHO DA VILA",abr!$D$1:$D$100)+SUMIF(abr!$A$1:$A$100,"NOEL ROSA",abr!$D$1:$D$100) -> 43 | G23: =SUMIF(mai!$A$1:$A$100,"MARTINHO DA VILA",mai!$D$1:$D$100)+SUMIF(mai!$A$1:$A$100,"NOEL ROSA",mai!$D$1:$D$100) -> 44 | H23: =SUMIF(jun!$A$1:$A$100,"MARTINHO DA VILA",jun!$D$1:$D$100)+SUMIF(jun!$A$1:$A$100,"NOEL ROSA",jun!$D$1:$D$100) -> 49 | I23: =SUMIF(jul!$A$1:$A$100,"MARTINHO DA VILA",jul!$D$1:$D$100)+SUMIF(jul!$A$1:$A$100,"NOEL ROSA",jul!$D$1:$D$100) -> 45 | J23: =SUMIF(ago!$A$1:$A$100,"MARTINHO DA VILA",ago!$D$1:$D$100)+SUMIF(ago!$A$1:$A$100,"NOEL ROSA",ago!$D$1:$D$100) -> 44 | K23: =SUMIF(set!$A$1:$A$100,"MARTINHO DA VILA",set!$D$1:$D$100)+SUMIF(set!$A$1:$A$100,"NOEL ROSA",set!$D$1:$D$100) -> 0 | L23: =SUMIF(out!$A$1:$A$100,"MARTINHO DA VILA",out!$D$1:$D$100)+SUMIF(out!$A$1:$A$100,"NOEL ROSA",out!$D$1:$D$100) -> 0 | M23: =SUMIF(nov!$A$1:$A$100,"MARTINHO DA VILA",nov!$D$1:$D$100)+SUMIF(nov!$A$1:$A$100,"NOEL ROSA",nov!$D$1:$D$100) -> 0 | N23: =SUMIF(dez!$A$1:$A$100,"MARTINHO DA VILA",dez!$D$1:$D$100)+SUMIF(dez!$A$1:$A$100,"NOEL ROSA",dez!$D$1:$D$100) -> 0 | O23: =C23+D23+E23 -> 133 | P23: =F23+G23+H23 -> 136 | Q23: =I23+J23+K23 -> 89 | R23: =L23+M23+N23 -> 0
A24: CMS CARLOS FIGUEIREDO FILHO | B24: TERREIRAO ESB | C24: =SUMIF(jan!$A$1:$A$100,"LADEIRA DO MOREIRA",jan!$D$1:$D$100)/2+SUMIF(jan!$A$1:$A$100,"TERREIRAO",jan!$D$1:$D$100) -> 59.5 | D24: =SUMIF(fev!$A$1:$A$100,"LADEIRA DO MOREIRA",fev!$D$1:$D$100)/2+SUMIF(fev!$A$1:$A$100,"TERREIRAO",fev!$D$1:$D$100) -> 57.5 | E24: =SUMIF(mar!$A$1:$A$100,"LADEIRA DO MOREIRA",mar!$D$1:$D$100)/2+SUMIF(mar!$A$1:$A$100,"TERREIRAO",mar!$D$1:$D$100) -> 60 | F24: =SUMIF(abr!$A$1:$A$100,"LADEIRA DO MOREIRA",abr!$D$1:$D$100)/2+SUMIF(abr!$A$1:$A$100,"TERREIRAO",abr!$D$1:$D$100) -> 58 | G24: =SUMIF(mai!$A$1:$A$100,"LADEIRA DO MOREIRA",mai!$D$1:$D$100)/2+SUMIF(mai!$A$1:$A$100,"TERREIRAO",mai!$D$1:$D$100) -> 57 | H24: =SUMIF(jun!$A$1:$A$100,"LADEIRA DO MOREIRA",jun!$D$1:$D$100)/2+SUMIF(jun!$A$1:$A$100,"TERREIRAO",jun!$D$1:$D$100) -> 60 | I24: =SUMIF(jul!$A$1:$A$100,"LADEIRA DO MOREIRA",jul!$D$1:$D$100)/2+SUMIF(jul!$A$1:$A$100,"TERREIRAO",jul!$D$1:$D$100) -> 58.5 | J24: =SUMIF(ago!$A$1:$A$100,"LADEIRA DO MOREIRA",ago!$D$1:$D$100)/2+SUMIF(ago!$A$1:$A$100,"TERREIRAO",ago!$D$1:$D$100) -> 62 | K24: =SUMIF(set!$A$1:$A$100,"LADEIRA DO MOREIRA",set!$D$1:$D$100)/2+SUMIF(set!$A$1:$A$100,"TERREIRAO",set!$D$1:$D$100) -> 0 | L24: =SUMIF(out!$A$1:$A$100,"LADEIRA DO MOREIRA",out!$D$1:$D$100)/2+SUMIF(out!$A$1:$A$100,"TERREIRAO",out!$D$1:$D$100) -> 0 | M24: =SUMIF(nov!$A$1:$A$100,"LADEIRA DO MOREIRA",nov!$D$1:$D$100)/2+SUMIF(nov!$A$1:$A$100,"TERREIRAO",nov!$D$1:$D$100) -> 0 | N24: =SUMIF(dez!$A$1:$A$100,"LADEIRA DO MOREIRA",dez!$D$1:$D$100)/2+SUMIF(dez!$A$1:$A$100,"TERREIRAO",dez!$D$1:$D$100) -> 0 | O24: =C24+D24+E24 -> 177 | P24: =F24+G24+H24 -> 175 | Q24: =I24+J24+K24 -> 120.5 | R24: =L24+M24+N24 -> 0
B25: SEMENTE ESB | C25: =SUMIF(jan!$A$1:$A$100,"LADEIRA DO MOREIRA",jan!$D$1:$D$100)/2+SUMIF(jan!$A$1:$A$100,"SEMENTE",jan!$D$1:$D$100) -> 78.5 | D25: =SUMIF(fev!$A$1:$A$100,"LADEIRA DO MOREIRA",fev!$D$1:$D$100)/2+SUMIF(fev!$A$1:$A$100,"SEMENTE",fev!$D$1:$D$100) -> 81.5 | E25: =SUMIF(mar!$A$1:$A$100,"LADEIRA DO MOREIRA",mar!$D$1:$D$100)/2+SUMIF(mar!$A$1:$A$100,"SEMENTE",mar!$D$1:$D$100) -> 83 | F25: =SUMIF(abr!$A$1:$A$100,"LADEIRA DO MOREIRA",abr!$D$1:$D$100)/2+SUMIF(abr!$A$1:$A$100,"SEMENTE",abr!$D$1:$D$100) -> 84 | G25: =SUMIF(mai!$A$1:$A$100,"LADEIRA DO MOREIRA",mai!$D$1:$D$100)/2+SUMIF(mai!$A$1:$A$100,"SEMENTE",mai!$D$1:$D$100) -> 85 | H25: =SUMIF(jun!$A$1:$A$100,"LADEIRA DO MOREIRA",jun!$D$1:$D$100)/2+SUMIF(jun!$A$1:$A$100,"SEMENTE",jun!$D$1:$D$100) -> 86 | I25: =SUMIF(jul!$A$1:$A$100,"LADEIRA DO MOREIRA",jul!$D$1:$D$100)/2+SUMIF(jul!$A$1:$A$100,"SEMENTE",jul!$D$1:$D$100) -> 88.5 | J25: =SUMIF(ago!$A$1:$A$100,"LADEIRA DO MOREIRA",ago!$D$1:$D$100)/2+SUMIF(ago!$A$1:$A$100,"SEMENTE",ago!$D$1:$D$100) -> 90 | K25: =SUMIF(set!$A$1:$A$100,"LADEIRA DO MOREIRA",set!$D$1:$D$100)/2+SUMIF(set!$A$1:$A$100,"SEMENTE",set!$D$1:$D$100) -> 0 | L25: =SUMIF(out!$A$1:$A$100,"LADEIRA DO MOREIRA",out!$D$1:$D$100)/2+SUMIF(out!$A$1:$A$100,"SEMENTE",out!$D$1:$D$100) -> 0 | M25: =SUMIF(nov!$A$1:$A$100,"LADEIRA DO MOREIRA",nov!$D$1:$D$100)/2+SUMIF(nov!$A$1:$A$100,"SEMENTE",nov!$D$1:$D$100) -> 0 | N25: =SUMIF(dez!$A$1:$A$100,"LADEIRA DO MOREIRA",dez!$D$1:$D$100)/2+SUMIF(dez!$A$1:$A$100,"SEMENTE",dez!$D$1:$D$100) -> 0 | O25: =C25+D25+E25 -> 243 | P25: =F25+G25+H25 -> 255 | Q25: =I25+J25+K25 -> 178.5 | R25: =L25+M25+N25 -> 0
A26: CMS CASA BRANCA | B26: CASA BRANCA ESB | C26: =SUMIF(jan!$A$1:$A$100,"CASA BRANCA",jan!$D$1:$D$100)+SUMIF(jan!$A$1:$A$100,"CHACARA DO CEU",jan!$D$1:$D$100) -> 28 | D26: =SUMIF(fev!$A$1:$A$100,"CASA BRANCA",fev!$D$1:$D$100)+SUMIF(fev!$A$1:$A$100,"CHACARA DO CEU",fev!$D$1:$D$100) -> 30 | E26: =SUMIF(mar!$A$1:$A$100,"CASA BRANCA",mar!$D$1:$D$100)+SUMIF(mar!$A$1:$A$100,"CHACARA DO CEU",mar!$D$1:$D$100) -> 35 | F26: =SUMIF(abr!$A$1:$A$100,"CASA BRANCA",abr!$D$1:$D$100)+SUMIF(abr!$A$1:$A$100,"CHACARA DO CEU",abr!$D$1:$D$100) -> 35 | G26: =SUMIF(mai!$A$1:$A$100,"CASA BRANCA",mai!$D$1:$D$100)+SUMIF(mai!$A$1:$A$100,"CHACARA DO CEU",mai!$D$1:$D$100) -> 29 | H26: =SUMIF(jun!$A$1:$A$100,"CASA BRANCA",jun!$D$1:$D$100)+SUMIF(jun!$A$1:$A$100,"CHACARA DO CEU",jun!$D$1:$D$100) -> 39 | I26: =SUMIF(jul!$A$1:$A$100,"CASA BRANCA",jul!$D$1:$D$100)+SUMIF(jul!$A$1:$A$100,"CHACARA DO CEU",jul!$D$1:$D$100) -> 45 | J26: =SUMIF(ago!$A$1:$A$100,"CASA BRANCA",ago!$D$1:$D$100)+SUMIF(ago!$A$1:$A$100,"CHACARA DO CEU",ago!$D$1:$D$100) -> 53 | K26: =SUMIF(set!$A$1:$A$100,"CASA BRANCA",set!$D$1:$D$100)+SUMIF(set!$A$1:$A$100,"CHACARA DO CEU",set!$D$1:$D$100) -> 0 | L26: =SUMIF(out!$A$1:$A$100,"CASA BRANCA",out!$D$1:$D$100)+SUMIF(out!$A$1:$A$100,"CHACARA DO CEU",out!$D$1:$D$100) -> 0 | M26: =SUMIF(nov!$A$1:$A$100,"CASA BRANCA",nov!$D$1:$D$100)+SUMIF(nov!$A$1:$A$100,"CHACARA DO CEU",nov!$D$1:$D$100) -> 0 | N26: =SUMIF(dez!$A$1:$A$100,"CASA BRANCA",dez!$D$1:$D$100)+SUMIF(dez!$A$1:$A$100,"CHACARA DO CEU",dez!$D$1:$D$100) -> 0 | O26: =C26+D26+E26 -> 93 | P26: =F26+G26+H26 -> 103 | Q26: =I26+J26+K26 -> 98 | R26: =L26+M26+N26 -> 0
A27: CMS HEITOR BELTRÃO | B27: SALGUEIRO ESB | C27: =SUMIF(jan!$A$1:$A$94,"SALGUEIRO",jan!$D$1:$D$100)+SUMIF(jan!$A$1:$A$94,"PRACA VARNHAGEM",jan!$D$1:$D$100)+SUMIF(jan!$A$1:$A$94,"RAIZES DO SALGUEIRO ESF",jan!$D$1:$D$100) -> 83 | D27: =SUMIF(fev!$A$1:$A$100,"SALGUEIRO",fev!$D$1:$D$100)+SUMIF(fev!$A$1:$A$100,"PRACA VARNHAGEM",fev!$D$1:$D$100)+SUMIF(fev!$A$1:$A$100,"RAIZES DO SALGUEIRO ESF",fev!$D$1:$D$100) -> 79 | E27: =SUMIF(mar!$A$1:$A$100,"SALGUEIRO",mar!$D$1:$D$100)+SUMIF(mar!$A$1:$A$100,"PRACA VARNHAGEM",mar!$D$1:$D$100)+SUMIF(mar!$A$1:$A$100,"RAIZES DO SALGUEIRO ESF",mar!$D$1:$D$100) -> 82 | F27: =SUMIF(abr!$A$1:$A$100,"SALGUEIRO",abr!$D$1:$D$100)+SUMIF(abr!$A$1:$A$100,"PRACA VARNHAGEM",abr!$D$1:$D$100)+SUMIF(abr!$A$1:$A$100,"RAIZES DO SALGUEIRO ESF",abr!$D$1:$D$100) -> 78 | G27: =SUMIF(mai!$A$1:$A$100,"SALGUEIRO",mai!$D$1:$D$100)+SUMIF(mai!$A$1:$A$100,"PRACA VARNHAGEM",mai!$D$1:$D$100)+SUMIF(mai!$A$1:$A$100,"RAIZES DO SALGUEIRO ESF",mai!$D$1:$D$100) -> 77 | H27: =SUMIF(jun!$A$1:$A$100,"SALGUEIRO",jun!$D$1:$D$100)+SUMIF(jun!$A$1:$A$100,"PRACA VARNHAGEM",jun!$D$1:$D$100)+SUMIF(jun!$A$1:$A$100,"RAIZES DO SALGUEIRO ESF",jun!$D$1:$D$100) -> 71 | I27: =SUMIF(jul!$A$1:$A$100,"SALGUEIRO",jul!$D$1:$D$100)+SUMIF(jul!$A$1:$A$100,"PRACA VARNHAGEM",jul!$D$1:$D$100)+SUMIF(jul!$A$1:$A$100,"RAIZES DO SALGUEIRO ESF",jul!$D$1:$D$100) -> 72 | J27: =SUMIF(ago!$A$1:$A$100,"SALGUEIRO",ago!$D$1:$D$100)+SUMIF(ago!$A$1:$A$100,"PRACA VARNHAGEM",ago!$D$1:$D$100)+SUMIF(ago!$A$1:$A$100,"RAIZES DO SALGUEIRO ESF",ago!$D$1:$D$100) -> 68 | K27: =SUMIF(set!$A$1:$A$100,"SALGUEIRO",set!$D$1:$D$100)+SUMIF(set!$A$1:$A$100,"PRACA VARNHAGEM",set!$D$1:$D$100)+SUMIF(set!$A$1:$A$100,"RAIZES DO SALGUEIRO ESF",set!$D$1:$D$100) -> 0 | L27: =SUMIF(out!$A$1:$A$100,"SALGUEIRO",out!$D$1:$D$100)+SUMIF(out!$A$1:$A$100,"PRACA VARNHAGEM",out!$D$1:$D$100)+SUMIF(out!$A$1:$A$100,"RAIZES DO SALGUEIRO ESF",out!$D$1:$D$100) -> 0 | M27: =SUMIF(nov!$A$1:$A$100,"SALGUEIRO",nov!$D$1:$D$100)+SUMIF(nov!$A$1:$A$100,"PRACA VARNHAGEM",nov!$D$1:$D$100)+SUMIF(nov!$A$1:$A$100,"RAIZES DO SALGUEIRO ESF",nov!$D$1:$D$100) -> 0 | N27: =SUMIF(dez!$A$1:$A$100,"SALGUEIRO",dez!$D$1:$D$100)+SUMIF(dez!$A$1:$A$100,"PRACA VARNHAGEM",dez!$D$1:$D$100)+SUMIF(dez!$A$1:$A$100,"RAIZES DO SALGUEIRO ESF",dez!$D$1:$D$100) -> 0 | O27: =C27+D27+E27 -> 244 | P27: =F27+G27+H27 -> 226 | Q27: =I27+J27+K27 -> 140 | R27: =L27+M27+N27 -> 0 | S27: =C27+D27+E27 -> 244
B28: BARAO DE PIRASSINUNGA ESB | C28: =SUMIF(jan!$A$1:$A$94,"BARAO DE PIRASSINUNGA",jan!$D$1:$D$100)+SUMIF(jan!$A$1:$A$94,"ANTONIO BASILIO ESF",jan!$D$1:$D$100)+SUMIF(jan!$A$1:$A$94,"SANTA SOFIA",jan!$D$1:$D$100)+SUMIF(jan!$A$1:$A$94,"SAO FRANCISCO I",jan!$D$1:$D$100)+SUMIF(jan!$A$1:$A$94,"SAO FRANCISCO II",jan!$D$1:$D$100)+SUMIF(jan!$A$1:$A$94,"SAO FRANCISCO III",jan!$D$1:$D$100) -> 25 | D28: =SUMIF(fev!$A$1:$A$100,"BARAO DE PIRASSINUNGA",fev!$D$1:$D$100)+SUMIF(fev!$A$1:$A$100,"ANTONIO BASILIO ESF",fev!$D$1:$D$100)+SUMIF(fev!$A$1:$A$100,"SANTA SOFIA",fev!$D$1:$D$100)+SUMIF(fev!$A$1:$A$100,"SAO FRANCISCO I **",fev!$D$1:$D$100) -> 20 | E28: =SUMIF(mar!$A$1:$A$100,"BARAO DE PIRASSINUNGA",mar!$D$1:$D$100)+SUMIF(mar!$A$1:$A$100,"ANTONIO BASILIO ESF",mar!$D$1:$D$100)+SUMIF(mar!$A$1:$A$100,"SANTA SOFIA",mar!$D$1:$D$100)+SUMIF(mar!$A$1:$A$100,"SAO FRANCISCO I **",mar!$D$1:$D$100) -> 20 | F28: =SUMIF(abr!$A$1:$A$100,"BARAO DE PIRASSINUNGA",abr!$D$1:$D$100)+SUMIF(abr!$A$1:$A$100,"ANTONIO BASILIO ESF",abr!$D$1:$D$100)+SUMIF(abr!$A$1:$A$100,"SANTA SOFIA",abr!$D$1:$D$100)+SUMIF(abr!$A$1:$A$100,"SAO FRANCISCO I **",abr!$D$1:$D$100) -> 24 | G28: =SUMIF(mai!$A$1:$A$100,"BARAO DE PIRASSINUNGA",mai!$D$1:$D$100)+SUMIF(mai!$A$1:$A$100,"ANTONIO BASILIO ESF",mai!$D$1:$D$100)+SUMIF(mai!$A$1:$A$100,"SANTA SOFIA",mai!$D$1:$D$100)+SUMIF(mai!$A$1:$A$100,"SAO FRANCISCO I **",mai!$D$1:$D$100) -> 26 | H28: =SUMIF(jun!$A$1:$A$100,"BARAO DE PIRASSINUNGA",jun!$D$1:$D$100)+SUMIF(jun!$A$1:$A$100,"ANTONIO BASILIO ESF",jun!$D$1:$D$100)+SUMIF(jun!$A$1:$A$100,"SANTA SOFIA",jun!$D$1:$D$100)+SUMIF(jun!$A$1:$A$100,"SAO FRANCISCO I **",jun!$D$1:$D$100) -> 27 | I28: =SUMIF(jul!$A$1:$A$100,"BARAO DE PIRASSINUNGA",jul!$D$1:$D$100)+SUMIF(jul!$A$1:$A$100,"ANTONIO BASILIO ESF",jul!$D$1:$D$100)+SUMIF(jul!$A$1:$A$100,"SANTA SOFIA",jul!$D$1:$D$100)+SUMIF(jul!$A$1:$A$100,"SAO FRANCISCO I **",jul!$D$1:$D$100) -> 23 | J28: =SUMIF(ago!$A$1:$A$100,"BARAO DE PIRASSINUNGA",ago!$D$1:$D$100)+SUMIF(ago!$A$1:$A$100,"ANTONIO BASILIO ESF",ago!$D$1:$D$100)+SUMIF(ago!$A$1:$A$100,"SANTA SOFIA",ago!$D$1:$D$100)+SUMIF(ago!$A$1:$A$100,"SAO FRANCISCO I **",ago!$D$1:$D$100) -> 22 | K28: =SUMIF(set!$A$1:$A$100,"BARAO DE PIRASSINUNGA",set!$D$1:$D$100)+SUMIF(set!$A$1:$A$100,"ANTONIO BASILIO ESF",set!$D$1:$D$100)+SUMIF(set!$A$1:$A$100,"SANTA SOFIA",set!$D$1:$D$100)+SUMIF(set!$A$1:$A$100,"SAO FRANCISCO I **",set!$D$1:$D$100) -> 0 | L28: =SUMIF(out!$A$1:$A$100,"BARAO DE PIRASSINUNGA",out!$D$1:$D$100)+SUMIF(out!$A$1:$A$100,"ANTONIO BASILIO ESF",out!$D$1:$D$100)+SUMIF(out!$A$1:$A$100,"SANTA SOFIA",out!$D$1:$D$100)+SUMIF(out!$A$1:$A$100,"SAO FRANCISCO I **",out!$D$1:$D$100) -> 0 | M28: =SUMIF(nov!$A$1:$A$100,"BARAO DE PIRASSINUNGA",nov!$D$1:$D$100)+SUMIF(nov!$A$1:$A$100,"ANTONIO BASILIO ESF",nov!$D$1:$D$100)+SUMIF(nov!$A$1:$A$100,"SANTA SOFIA",nov!$D$1:$D$100)+SUMIF(nov!$A$1:$A$100,"SAO FRANCISCO I **",nov!$D$1:$D$100) -> 0 | N28: =SUMIF(dez!$A$1:$A$100,"BARAO DE PIRASSINUNGA",dez!$D$1:$D$100)+SUMIF(dez!$A$1:$A$100,"ANTONIO BASILIO ESF",dez!$D$1:$D$100)+SUMIF(dez!$A$1:$A$100,"SANTA SOFIA",dez!$D$1:$D$100)+SUMIF(dez!$A$1:$A$100,"SAO FRANCISCO I **",dez!$D$1:$D$100) -> 0 | O28: =C28+D28+E28 -> 65 | P28: =F28+G28+H28 -> 77 | Q28: =I28+J28+K28 -> 45 | R28: =L28+M28+N28 -> 0 | S28: =C28+D28+E28 -> 65
B29: CATRAMBI ESB | C29: =SUMIF(jan!$A$1:$A$94,"CATRAMBI I",jan!$D$1:$D$100)+SUMIF(jan!$A$1:$A$94,"CATRAMBI II",jan!$D$1:$D$100)+SUMIF(jan!$A$1:$A$94,"CATRAMBI III",jan!$D$1:$D$100)+SUMIF(jan!$A$1:$A$94,"PINHEIRO DA CUNHA ESF",jan!$D$1:$D$100)+SUMIF(jan!$A$1:$A$94,"ALZIRA BRANDAO",jan!$D$1:$D$100)+SUMIF(jan!$A$1:$A$94,"DONA DELFINA",jan!$D$1:$D$100) -> 34 | D29: =SUMIF(fev!$A$1:$A$100,"CATRAMBI I **",fev!$D$1:$D$100)+SUMIF(fev!$A$1:$A$100,"PINHEIRO DA CUNHA ESF",fev!$D$1:$D$100)+SUMIF(fev!$A$1:$A$100,"ALZIRA BRANDAO",fev!$D$1:$D$100)+SUMIF(fev!$A$1:$A$100,"DONA DELFINA",fev!$D$1:$D$100) -> 33 | E29: =SUMIF(mar!$A$1:$A$100,"CATRAMBI I **",mar!$D$1:$D$100)+SUMIF(mar!$A$1:$A$100,"PINHEIRO DA CUNHA ESF",mar!$D$1:$D$100)+SUMIF(mar!$A$1:$A$100,"ALZIRA BRANDAO",mar!$D$1:$D$100)+SUMIF(mar!$A$1:$A$100,"DONA DELFINA",mar!$D$1:$D$100) -> 29 | F29: =SUMIF(abr!$A$1:$A$100,"CATRAMBI I **",abr!$D$1:$D$100)+SUMIF(abr!$A$1:$A$100,"PINHEIRO DA CUNHA ESF",abr!$D$1:$D$100)+SUMIF(abr!$A$1:$A$100,"ALZIRA BRANDAO",abr!$D$1:$D$100)+SUMIF(abr!$A$1:$A$100,"DONA DELFINA",abr!$D$1:$D$100) -> 22 | G29: =SUMIF(mai!$A$1:$A$100,"CATRAMBI I **",mai!$D$1:$D$100)+SUMIF(mai!$A$1:$A$100,"PINHEIRO DA CUNHA ESF",mai!$D$1:$D$100)+SUMIF(mai!$A$1:$A$100,"ALZIRA BRANDAO",mai!$D$1:$D$100)+SUMIF(mai!$A$1:$A$100,"DONA DELFINA",mai!$D$1:$D$100) -> 18 | H29: =SUMIF(jun!$A$1:$A$100,"CATRAMBI I **",jun!$D$1:$D$100)+SUMIF(jun!$A$1:$A$100,"PINHEIRO DA CUNHA ESF",jun!$D$1:$D$100)+SUMIF(jun!$A$1:$A$100,"ALZIRA BRANDAO",jun!$D$1:$D$100)+SUMIF(jun!$A$1:$A$100,"DONA DELFINA",jun!$D$1:$D$100) -> 19 | I29: =SUMIF(jul!$A$1:$A$100,"CATRAMBI I **",jul!$D$1:$D$100)+SUMIF(jul!$A$1:$A$100,"PINHEIRO DA CUNHA ESF",jul!$D$1:$D$100)+SUMIF(jul!$A$1:$A$100,"ALZIRA BRANDAO",jul!$D$1:$D$100)+SUMIF(jul!$A$1:$A$100,"DONA DELFINA",jul!$D$1:$D$100) -> 20 | J29: =SUMIF(ago!$A$1:$A$100,"CATRAMBI I **",ago!$D$1:$D$100)+SUMIF(ago!$A$1:$A$100,"PINHEIRO DA CUNHA ESF",ago!$D$1:$D$100)+SUMIF(ago!$A$1:$A$100,"ALZIRA BRANDAO",ago!$D$1:$D$100)+SUMIF(ago!$A$1:$A$100,"DONA DELFINA",ago!$D$1:$D$100) -> 25 | K29: =SUMIF(set!$A$1:$A$100,"CATRAMBI I **",set!$D$1:$D$100)+SUMIF(set!$A$1:$A$100,"PINHEIRO DA CUNHA ESF",set!$D$1:$D$100)+SUMIF(set!$A$1:$A$100,"ALZIRA BRANDAO",set!$D$1:$D$100)+SUMIF(set!$A$1:$A$100,"DONA DELFINA",set!$D$1:$D$100) -> 0 | L29: =SUMIF(out!$A$1:$A$100,"CATRAMBI I **",out!$D$1:$D$100)+SUMIF(out!$A$1:$A$100,"PINHEIRO DA CUNHA ESF",out!$D$1:$D$100)+SUMIF(out!$A$1:$A$100,"ALZIRA BRANDAO",out!$D$1:$D$100)+SUMIF(out!$A$1:$A$100,"DONA DELFINA",out!$D$1:$D$100) -> 0 | M29: =SUMIF(nov!$A$1:$A$100,"CATRAMBI I **",nov!$D$1:$D$100)+SUMIF(nov!$A$1:$A$100,"PINHEIRO DA CUNHA ESF",nov!$D$1:$D$100)+SUMIF(nov!$A$1:$A$100,"ALZIRA BRANDAO",nov!$D$1:$D$100)+SUMIF(nov!$A$1:$A$100,"DONA DELFINA",nov!$D$1:$D$100) -> 0 | N29: =SUMIF(dez!$A$1:$A$100,"CATRAMBI I **",dez!$D$1:$D$100)+SUMIF(dez!$A$1:$A$100,"PINHEIRO DA CUNHA ESF",dez!$D$1:$D$100)+SUMIF(dez!$A$1:$A$100,"ALZIRA BRANDAO",dez!$D$1:$D$100)+SUMIF(dez!$A$1:$A$100,"DONA DELFINA",dez!$D$1:$D$100) -> 0 | O29: =C29+D29+E29 -> 96 | P29: =F29+G29+H29 -> 59 | Q29: =I29+J29+K29 -> 45 | R29: =L29+M29+N29 -> 0 | S29: =C29+D29+E29 -> 96
B30: SABOIA LIMA ESB | C30: =SUMIF(jan!$A$1:$A$94,"SABOIA LIMA I",jan!$D$1:$D$100)+SUMIF(jan!$A$1:$A$94,"SABOIA LIMA II",jan!$D$1:$D$100)+SUMIF(jan!$A$1:$A$94,"SABOIA LIMA III",jan!$D$1:$D$100)+SUMIF(jan!$A$1:$A$94,"XAVIER DE BRITO",jan!$D$1:$D$100)+SUMIF(jan!$A$1:$A$94,"MARIA AMALIA ESF",jan!$D$1:$D$100) -> 21 | D30: =SUMIF(fev!$A$1:$A$100,"SABOIA LIMA I **",fev!$D$1:$D$100)+SUMIF(fev!$A$1:$A$100,"XAVIER DE BRITO",fev!$D$1:$D$100)+SUMIF(fev!$A$1:$A$100,"MARIA AMALIA ESF",fev!$D$1:$D$100) -> 21 | E30: =SUMIF(mar!$A$1:$A$100,"SABOIA LIMA I **",mar!$D$1:$D$100)+SUMIF(mar!$A$1:$A$100,"XAVIER DE BRITO",mar!$D$1:$D$100)+SUMIF(mar!$A$1:$A$100,"MARIA AMALIA ESF",mar!$D$1:$D$100) -> 21 | F30: =SUMIF(abr!$A$1:$A$100,"SABOIA LIMA I **",abr!$D$1:$D$100)+SUMIF(abr!$A$1:$A$100,"XAVIER DE BRITO",abr!$D$1:$D$100)+SUMIF(abr!$A$1:$A$100,"MARIA AMALIA ESF",abr!$D$1:$D$100) -> 23 | G30: =SUMIF(mai!$A$1:$A$100,"SABOIA LIMA I **",mai!$D$1:$D$100)+SUMIF(mai!$A$1:$A$100,"XAVIER DE BRITO",mai!$D$1:$D$100)+SUMIF(mai!$A$1:$A$100,"MARIA AMALIA ESF",mai!$D$1:$D$100) -> 22 | H30: =SUMIF(jun!$A$1:$A$100,"SABOIA LIMA I **",jun!$D$1:$D$100)+SUMIF(jun!$A$1:$A$100,"XAVIER DE BRITO",jun!$D$1:$D$100)+SUMIF(jun!$A$1:$A$100,"MARIA AMALIA ESF",jun!$D$1:$D$100) -> 22 | I30: =SUMIF(jul!$A$1:$A$100,"SABOIA LIMA I **",jul!$D$1:$D$100)+SUMIF(jul!$A$1:$A$100,"XAVIER DE BRITO",jul!$D$1:$D$100)+SUMIF(jul!$A$1:$A$100,"MARIA AMALIA ESF",jul!$D$1:$D$100) -> 23 | J30: =SUMIF(ago!$A$1:$A$100,"SABOIA LIMA I **",ago!$D$1:$D$100)+SUMIF(ago!$A$1:$A$100,"XAVIER DE BRITO",ago!$D$1:$D$100)+SUMIF(ago!$A$1:$A$100,"MARIA AMALIA ESF",ago!$D$1:$D$100) -> 21 | K30: =SUMIF(set!$A$1:$A$100,"SABOIA LIMA I **",set!$D$1:$D$100)+SUMIF(set!$A$1:$A$100,"XAVIER DE BRITO",set!$D$1:$D$100)+SUMIF(set!$A$1:$A$100,"MARIA AMALIA ESF",set!$D$1:$D$100) -> 0 | L30: =SUMIF(out!$A$1:$A$100,"SABOIA LIMA I **",out!$D$1:$D$100)+SUMIF(out!$A$1:$A$100,"XAVIER DE BRITO",out!$D$1:$D$100)+SUMIF(out!$A$1:$A$100,"MARIA AMALIA ESF",out!$D$1:$D$100) -> 0 | M30: =SUMIF(nov!$A$1:$A$100,"SABOIA LIMA I **",nov!$D$1:$D$100)+SUMIF(nov!$A$1:$A$100,"XAVIER DE BRITO",nov!$D$1:$D$100)+SUMIF(nov!$A$1:$A$100,"MARIA AMALIA ESF",nov!$D$1:$D$100) -> 0 | N30: =SUMIF(dez!$A$1:$A$100,"SABOIA LIMA I **",dez!$D$1:$D$100)+SUMIF(dez!$A$1:$A$100,"XAVIER DE BRITO",dez!$D$1:$D$100)+SUMIF(dez!$A$1:$A$100,"MARIA AMALIA ESF",dez!$D$1:$D$100) -> 0 | O30: =C30+D30+E30 -> 63 | P30: =F30+G30+H30 -> 67 | Q30: =I30+J30+K30 -> 44 | R30: =L30+M30+N30 -> 0 | S30: =C30+D30+E30 -> 63
A31: CMS HÉLIO PELLEGRINO | B31: VILLA LOBOS ESB | C31: =SUMIF(jan!$A$1:$A$100,"VILLA LOBOS",jan!$D$1:$D$100)+SUMIF(jan!$A$1:$A$100,"AFONSO PENA",jan!$D$1:$D$100)+SUMIF(jan!$A$1:$A$100,"CAPUCHINHOS",jan!$D$1:$D$100) -> 33 | D31: =SUMIF(fev!$A$1:$A$100,"VILLA LOBOS",fev!$D$1:$D$100)+SUMIF(fev!$A$1:$A$100,"AFONSO PENA",fev!$D$1:$D$100)+SUMIF(fev!$A$1:$A$100,"CAPUCHINHOS",fev!$D$1:$D$100) -> 38 | E31: =SUMIF(mar!$A$1:$A$100,"VILLA LOBOS",mar!$D$1:$D$100)+SUMIF(mar!$A$1:$A$100,"AFONSO PENA",mar!$D$1:$D$100)+SUMIF(mar!$A$1:$A$100,"CAPUCHINHOS",mar!$D$1:$D$100) -> 38 | F31: =SUMIF(abr!$A$1:$A$100,"VILLA LOBOS",abr!$D$1:$D$100)+SUMIF(abr!$A$1:$A$100,"AFONSO PENA",abr!$D$1:$D$100)+SUMIF(abr!$A$1:$A$100,"CAPUCHINHOS",abr!$D$1:$D$100) -> 38 | G31: =SUMIF(mai!$A$1:$A$100,"VILLA LOBOS",mai!$D$1:$D$100)+SUMIF(mai!$A$1:$A$100,"AFONSO PENA",mai!$D$1:$D$100)+SUMIF(mai!$A$1:$A$100,"CAPUCHINHOS",mai!$D$1:$D$100) -> 40 | H31: =SUMIF(jun!$A$1:$A$100,"VILLA LOBOS",jun!$D$1:$D$100)+SUMIF(jun!$A$1:$A$100,"AFONSO PENA",jun!$D$1:$D$100)+SUMIF(jun!$A$1:$A$100,"CAPUCHINHOS",jun!$D$1:$D$100) -> 37 | I31: =SUMIF(jul!$A$1:$A$100,"VILLA LOBOS",jul!$D$1:$D$100)+SUMIF(jul!$A$1:$A$100,"AFONSO PENA",jul!$D$1:$D$100)+SUMIF(jul!$A$1:$A$100,"CAPUCHINHOS",jul!$D$1:$D$100) -> 44 | J31: =SUMIF(ago!$A$1:$A$100,"VILLA LOBOS",ago!$D$1:$D$100)+SUMIF(ago!$A$1:$A$100,"AFONSO PENA",ago!$D$1:$D$100)+SUMIF(ago!$A$1:$A$100,"CAPUCHINHOS",ago!$D$1:$D$100) -> 48 | K31: =SUMIF(set!$A$1:$A$100,"VILLA LOBOS",set!$D$1:$D$100)+SUMIF(set!$A$1:$A$100,"AFONSO PENA",set!$D$1:$D$100)+SUMIF(set!$A$1:$A$100,"CAPUCHINHOS",set!$D$1:$D$100) -> 0 | L31: =SUMIF(out!$A$1:$A$100,"VILLA LOBOS",out!$D$1:$D$100)+SUMIF(out!$A$1:$A$100,"AFONSO PENA",out!$D$1:$D$100)+SUMIF(out!$A$1:$A$100,"CAPUCHINHOS",out!$D$1:$D$100) -> 0 | M31: =SUMIF(nov!$A$1:$A$100,"VILLA LOBOS",nov!$D$1:$D$100)+SUMIF(nov!$A$1:$A$100,"AFONSO PENA",nov!$D$1:$D$100)+SUMIF(nov!$A$1:$A$100,"CAPUCHINHOS",nov!$D$1:$D$100) -> 0 | N31: =SUMIF(dez!$A$1:$A$100,"VILLA LOBOS",dez!$D$1:$D$100)+SUMIF(dez!$A$1:$A$100,"AFONSO PENA",dez!$D$1:$D$100)+SUMIF(dez!$A$1:$A$100,"CAPUCHINHOS",dez!$D$1:$D$100) -> 0 | O31: =C31+D31+E31 -> 109 | P31: =F31+G31+H31 -> 115 | Q31: =I31+J31+K31 -> 92 | R31: =L31+M31+N31 -> 0
B32: PRACA DA BANDEIRA ESB 1 | C32: =SUMIF(jan!$A$1:$A$100,"SENADOR FURTADO ESF",jan!$D$1:$D$100)+SUMIF(jan!$A$1:$A$100,"MARIZ E BARROS ESF",jan!$D$1:$D$100)+SUMIF(jan!$A$1:$A$100,"MARACANA",jan!$D$1:$D$100) -> 72 | D32: =SUMIF(fev!$A$1:$A$100,"SENADOR FURTADO ESF",fev!$D$1:$D$100)+SUMIF(fev!$A$1:$A$100,"MARIZ E BARROS ESF",fev!$D$1:$D$100)+SUMIF(fev!$A$1:$A$100,"MARACANA",fev!$D$1:$D$100) -> 75 | E32: =SUMIF(mar!$A$1:$A$100,"SENADOR FURTADO ESF",mar!$D$1:$D$100)+SUMIF(mar!$A$1:$A$100,"MARIZ E BARROS ESF",mar!$D$1:$D$100)+SUMIF(mar!$A$1:$A$100,"MARACANA",mar!$D$1:$D$100) -> 73 | F32: =SUMIF(abr!$A$1:$A$100,"SENADOR FURTADO ESF",abr!$D$1:$D$100)+SUMIF(abr!$A$1:$A$100,"MARIZ E BARROS ESF",abr!$D$1:$D$100)+SUMIF(abr!$A$1:$A$100,"MARACANA",abr!$D$1:$D$100) -> 76 | G32: =SUMIF(mai!$A$1:$A$100,"SENADOR FURTADO ESF",mai!$D$1:$D$100)+SUMIF(mai!$A$1:$A$100,"MARIZ E BARROS ESF",mai!$D$1:$D$100)+SUMIF(mai!$A$1:$A$100,"MARACANA",mai!$D$1:$D$100) -> 82 | H32: =SUMIF(jun!$A$1:$A$100,"SENADOR FURTADO ESF",jun!$D$1:$D$100)+SUMIF(jun!$A$1:$A$100,"MARIZ E BARROS ESF",jun!$D$1:$D$100)+SUMIF(jun!$A$1:$A$100,"MARACANA",jun!$D$1:$D$100) -> 85 | I32: =SUMIF(jul!$A$1:$A$100,"SENADOR FURTADO ESF",jul!$D$1:$D$100)+SUMIF(jul!$A$1:$A$100,"MARIZ E BARROS ESF",jul!$D$1:$D$100)+SUMIF(jul!$A$1:$A$100,"MARACANA",jul!$D$1:$D$100) -> 83 | J32: =SUMIF(ago!$A$1:$A$100,"SENADOR FURTADO ESF",ago!$D$1:$D$100)+SUMIF(ago!$A$1:$A$100,"MARIZ E BARROS ESF",ago!$D$1:$D$100)+SUMIF(ago!$A$1:$A$100,"MARACANA",ago!$D$1:$D$100) -> 82 | K32: =SUMIF(set!$A$1:$A$100,"SENADOR FURTADO ESF",set!$D$1:$D$100)+SUMIF(set!$A$1:$A$100,"MARIZ E BARROS ESF",set!$D$1:$D$100)+SUMIF(set!$A$1:$A$100,"MARACANA",set!$D$1:$D$100) -> 0 | L32: =SUMIF(out!$A$1:$A$100,"SENADOR FURTADO ESF",out!$D$1:$D$100)+SUMIF(out!$A$1:$A$100,"MARIZ E BARROS ESF",out!$D$1:$D$100)+SUMIF(out!$A$1:$A$100,"MARACANA",out!$D$1:$D$100) -> 0 | M32: =SUMIF(nov!$A$1:$A$100,"SENADOR FURTADO ESF",nov!$D$1:$D$100)+SUMIF(nov!$A$1:$A$100,"MARIZ E BARROS ESF",nov!$D$1:$D$100)+SUMIF(nov!$A$1:$A$100,"MARACANA",nov!$D$1:$D$100) -> 0 | N32: =SUMIF(dez!$A$1:$A$100,"SENADOR FURTADO ESF",dez!$D$1:$D$100)+SUMIF(dez!$A$1:$A$100,"MARIZ E BARROS ESF",dez!$D$1:$D$100)+SUMIF(dez!$A$1:$A$100,"MARACANA",dez!$D$1:$D$100) -> 0 | O32: =C32+D32+E32 -> 220 | P32: =F32+G32+H32 -> 243 | Q32: =I32+J32+K32 -> 165 | R32: =L32+M32+N32 -> 0
B33: BANDEIRA ESB | C33: =SUMIF(jan!$A$1:$A$100,"BANDEIRA I",jan!$D$1:$D$100)+SUMIF(jan!$A$1:$A$100,"BANDEIRA II",jan!$D$1:$D$100)+SUMIF(jan!$A$1:$A$100,"BANDEIRA III",jan!$D$1:$D$100)+SUMIF(jan!$A$1:$A$100,"MATOSO I",jan!$D$1:$D$100)+SUMIF(jan!$A$1:$A$100,"MATOSO II",jan!$D$1:$D$100)+SUMIF(jan!$A$1:$A$100,"MATOSO III",jan!$D$1:$D$100)+SUMIF(jan!$A$1:$A$100,"CANABARRO",jan!$D$1:$D$100) -> 187 | D33: =SUMIF(fev!$A$1:$A$100,"BANDEIRA I",fev!$D$1:$D$100)+SUMIF(fev!$A$1:$A$100,"BANDEIRA II",fev!$D$1:$D$100)+SUMIF(fev!$A$1:$A$100,"BANDEIRA III",fev!$D$1:$D$100)+SUMIF(fev!$A$1:$A$100,"MATOSO I",fev!$D$1:$D$100)+SUMIF(fev!$A$1:$A$100,"MATOSO II",fev!$D$1:$D$100)+SUMIF(fev!$A$1:$A$100,"MATOSO III",fev!$D$1:$D$100)+SUMIF(fev!$A$1:$A$100,"CANABARRO",fev!$D$1:$D$100) -> 188 | E33: =SUMIF(mar!$A$1:$A$100,"BANDEIRA I",mar!$D$1:$D$100)+SUMIF(mar!$A$1:$A$100,"BANDEIRA II",mar!$D$1:$D$100)+SUMIF(mar!$A$1:$A$100,"BANDEIRA III",mar!$D$1:$D$100)+SUMIF(mar!$A$1:$A$100,"MATOSO I",mar!$D$1:$D$100)+SUMIF(mar!$A$1:$A$100,"MATOSO II",mar!$D$1:$D$100)+SUMIF(mar!$A$1:$A$100,"MATOSO III",mar!$D$1:$D$100)+SUMIF(mar!$A$1:$A$100,"CANABARRO",mar!$D$1:$D$100) -> 186 | F33: =SUMIF(abr!$A$1:$A$100,"BANDEIRA I",abr!$D$1:$D$100)+SUMIF(abr!$A$1:$A$100,"BANDEIRA II",abr!$D$1:$D$100)+SUMIF(abr!$A$1:$A$100,"BANDEIRA III",abr!$D$1:$D$100)+SUMIF(abr!$A$1:$A$100,"MATOSO I",abr!$D$1:$D$100)+SUMIF(abr!$A$1:$A$100,"MATOSO II",abr!$D$1:$D$100)+SUMIF(abr!$A$1:$A$100,"MATOSO III",abr!$D$1:$D$100)+SUMIF(abr!$A$1:$A$100,"CANABARRO",abr!$D$1:$D$100) -> 183 | G33: =SUMIF(mai!$A$1:$A$100,"BANDEIRA I",mai!$D$1:$D$100)+SUMIF(mai!$A$1:$A$100,"BANDEIRA II",mai!$D$1:$D$100)+SUMIF(mai!$A$1:$A$100,"BANDEIRA III",mai!$D$1:$D$100)+SUMIF(mai!$A$1:$A$100,"MATOSO I",mai!$D$1:$D$100)+SUMIF(mai!$A$1:$A$100,"MATOSO II",mai!$D$1:$D$100)+SUMIF(mai!$A$1:$A$100,"MATOSO III",mai!$D$1:$D$100)+SUMIF(mai!$A$1:$A$100,"CANABARRO",mai!$D$1:$D$100) -> 147 | H33: =SUMIF(jun!$A$1:$A$100,"BANDEIRA I",jun!$D$1:$D$100)+SUMIF(jun!$A$1:$A$100,"BANDEIRA II",jun!$D$1:$D$100)+SUMIF(jun!$A$1:$A$100,"BANDEIRA III",jun!$D$1:$D$100)+SUMIF(jun!$A$1:$A$100,"MATOSO I",jun!$D$1:$D$100)+SUMIF(jun!$A$1:$A$100,"MATOSO II",jun!$D$1:$D$100)+SUMIF(jun!$A$1:$A$100,"MATOSO III",jun!$D$1:$D$100)+SUMIF(jun!$A$1:$A$100,"CANABARRO",jun!$D$1:$D$100) -> 125 | I33: =SUMIF(jul!$A$1:$A$100,"BANDEIRA I",jul!$D$1:$D$100)+SUMIF(jul!$A$1:$A$100,"BANDEIRA II",jul!$D$1:$D$100)+SUMIF(jul!$A$1:$A$100,"BANDEIRA III",jul!$D$1:$D$100)+SUMIF(jul!$A$1:$A$100,"MATOSO I",jul!$D$1:$D$100)+SUMIF(jul!$A$1:$A$100,"MATOSO II",jul!$D$1:$D$100)+SUMIF(jul!$A$1:$A$100,"MATOSO III",jul!$D$1:$D$100)+SUMIF(jul!$A$1:$A$100,"CANABARRO",jul!$D$1:$D$100) -> 113 | J33: =SUMIF(ago!$A$1:$A$100,"BANDEIRA I",ago!$D$1:$D$100)+SUMIF(ago!$A$1:$A$100,"BANDEIRA II",ago!$D$1:$D$100)+SUMIF(ago!$A$1:$A$100,"BANDEIRA III",ago!$D$1:$D$100)+SUMIF(ago!$A$1:$A$100,"MATOSO I",ago!$D$1:$D$100)+SUMIF(ago!$A$1:$A$100,"MATOSO II",ago!$D$1:$D$100)+SUMIF(ago!$A$1:$A$100,"MATOSO III",ago!$D$1:$D$100)+SUMIF(ago!$A$1:$A$100,"CANABARRO",ago!$D$1:$D$100) -> 110 | K33: =SUMIF(set!$A$1:$A$100,"BANDEIRA I",set!$D$1:$D$100)+SUMIF(set!$A$1:$A$100,"BANDEIRA II",set!$D$1:$D$100)+SUMIF(set!$A$1:$A$100,"BANDEIRA III",set!$D$1:$D$100)+SUMIF(set!$A$1:$A$100,"MATOSO I",set!$D$1:$D$100)+SUMIF(set!$A$1:$A$100,"MATOSO II",set!$D$1:$D$100)+SUMIF(set!$A$1:$A$100,"MATOSO III",set!$D$1:$D$100)+SUMIF(set!$A$1:$A$100,"CANABARRO",set!$D$1:$D$100) -> 0 | L33: =SUMIF(out!$A$1:$A$100,"BANDEIRA I",out!$D$1:$D$100)+SUMIF(out!$A$1:$A$100,"BANDEIRA II",out!$D$1:$D$100)+SUMIF(out!$A$1:$A$100,"BANDEIRA III",out!$D$1:$D$100)+SUMIF(out!$A$1:$A$100,"MATOSO I",out!$D$1:$D$100)+SUMIF(out!$A$1:$A$100,"MATOSO II",out!$D$1:$D$100)+SUMIF(out!$A$1:$A$100,"MATOSO III",out!$D$1:$D$100)+SUMIF(out!$A$1:$A$100,"CANABARRO",out!$D$1:$D$100) -> 0 | M33: =SUMIF(nov!$A$1:$A$100,"BANDEIRA I",nov!$D$1:$D$100)+SUMIF(nov!$A$1:$A$100,"BANDEIRA II",nov!$D$1:$D$100)+SUMIF(nov!$A$1:$A$100,"BANDEIRA III",nov!$D$1:$D$100)+SUMIF(nov!$A$1:$A$100,"MATOSO I",nov!$D$1:$D$100)+SUMIF(nov!$A$1:$A$100,"MATOSO II",nov!$D$1:$D$100)+SUMIF(nov!$A$1:$A$100,"MATOSO III",nov!$D$1:$D$100)+SUMIF(nov!$A$1:$A$100,"CANABARRO",nov!$D$1:$D$100) -> 0 | N33: =SUMIF(dez!$A$1:$A$100,"BANDEIRA I",dez!$D$1:$D$100)+SUMIF(dez!$A$1:$A$100,"BANDEIRA II",dez!$D$1:$D$100)+SUMIF(dez!$A$1:$A$100,"BANDEIRA III",dez!$D$1:$D$100)+SUMIF(dez!$A$1:$A$100,"MATOSO I",dez!$D$1:$D$100)+SUMIF(dez!$A$1:$A$100,"MATOSO II",dez!$D$1:$D$100)+SUMIF(dez!$A$1:$A$100,"MATOSO III",dez!$D$1:$D$100)+SUMIF(dez!$A$1:$A$100,"CANABARRO",dez!$D$1:$D$100) -> 0 | O33: =C33+D33+E33 -> 561 | P33: =F33+G33+H33 -> 455 | Q33: =I33+J33+K33 -> 223 | R33: =L33+M33+N33 -> 0
A34: CMS MARIA AUGUSTA ESTRELLA | B34: SENADOR ESB | C34: =SUMIF(jan!$A$1:$A$100,"SENADOR",jan!$D$1:$D$100)+SUMIF(jan!$A$1:$A$100,"BARAO DE COTEGIPE",jan!$D$1:$D$100)+SUMIF(jan!$A$1:$A$100,"PETROCOCHINO",jan!$D$1:$D$100)+SUMIF(jan!$A$1:$A$100,"SANTA ISABEL",jan!$D$1:$D$100) -> 48 | D34: =SUMIF(fev!$A$1:$A$100,"SENADOR",fev!$D$1:$D$100)+SUMIF(fev!$A$1:$A$100,"BARAO DE COTEGIPE",fev!$D$1:$D$100)+SUMIF(fev!$A$1:$A$100,"PETROCOCHINO",fev!$D$1:$D$100)+SUMIF(fev!$A$1:$A$100,"SANTA ISABEL",fev!$D$1:$D$100) -> 48 | E34: =SUMIF(mar!$A$1:$A$100,"SENADOR",mar!$D$1:$D$100)+SUMIF(mar!$A$1:$A$100,"BARAO DE COTEGIPE",mar!$D$1:$D$100)+SUMIF(mar!$A$1:$A$100,"PETROCOCHINO",mar!$D$1:$D$100)+SUMIF(mar!$A$1:$A$100,"SANTA ISABEL",mar!$D$1:$D$100) -> 52 | F34: =SUMIF(abr!$A$1:$A$100,"SENADOR",abr!$D$1:$D$100)+SUMIF(abr!$A$1:$A$100,"BARAO DE COTEGIPE",abr!$D$1:$D$100)+SUMIF(abr!$A$1:$A$100,"PETROCOCHINO",abr!$D$1:$D$100)+SUMIF(abr!$A$1:$A$100,"SANTA ISABEL",abr!$D$1:$D$100) -> 55 | G34: =SUMIF(mai!$A$1:$A$100,"SENADOR",mai!$D$1:$D$100)+SUMIF(mai!$A$1:$A$100,"BARAO DE COTEGIPE",mai!$D$1:$D$100)+SUMIF(mai!$A$1:$A$100,"PETROCOCHINO",mai!$D$1:$D$100)+SUMIF(mai!$A$1:$A$100,"SANTA ISABEL",mai!$D$1:$D$100) -> 59 | H34: =SUMIF(jun!$A$1:$A$100,"SENADOR",jun!$D$1:$D$100)+SUMIF(jun!$A$1:$A$100,"BARAO DE COTEGIPE",jun!$D$1:$D$100)+SUMIF(jun!$A$1:$A$100,"PETROCOCHINO",jun!$D$1:$D$100)+SUMIF(jun!$A$1:$A$100,"SANTA ISABEL",jun!$D$1:$D$100) -> 66 | I34: =SUMIF(jul!$A$1:$A$100,"SENADOR",jul!$D$1:$D$100)+SUMIF(jul!$A$1:$A$100,"BARAO DE COTEGIPE",jul!$D$1:$D$100)+SUMIF(jul!$A$1:$A$100,"PETROCOCHINO",jul!$D$1:$D$100)+SUMIF(jul!$A$1:$A$100,"SANTA ISABEL",jul!$D$1:$D$100) -> 69 | J34: =SUMIF(ago!$A$1:$A$100,"SENADOR",ago!$D$1:$D$100)+SUMIF(ago!$A$1:$A$100,"BARAO DE COTEGIPE",ago!$D$1:$D$100)+SUMIF(ago!$A$1:$A$100,"PETROCOCHINO",ago!$D$1:$D$100)+SUMIF(ago!$A$1:$A$100,"SANTA ISABEL",ago!$D$1:$D$100) -> 67 | K34: =SUMIF(set!$A$1:$A$100,"SENADOR",set!$D$1:$D$100)+SUMIF(set!$A$1:$A$100,"BARAO DE COTEGIPE",set!$D$1:$D$100)+SUMIF(set!$A$1:$A$100,"PETROCOCHINO",set!$D$1:$D$100)+SUMIF(set!$A$1:$A$100,"SANTA ISABEL",set!$D$1:$D$100) -> 0 | L34: =SUMIF(out!$A$1:$A$100,"SENADOR",out!$D$1:$D$100)+SUMIF(out!$A$1:$A$100,"BARAO DE COTEGIPE",out!$D$1:$D$100)+SUMIF(out!$A$1:$A$100,"PETROCOCHINO",out!$D$1:$D$100)+SUMIF(out!$A$1:$A$100,"SANTA ISABEL",out!$D$1:$D$100) -> 0 | M34: =SUMIF(nov!$A$1:$A$100,"SENADOR",nov!$D$1:$D$100)+SUMIF(nov!$A$1:$A$100,"BARAO DE COTEGIPE",nov!$D$1:$D$100)+SUMIF(nov!$A$1:$A$100,"PETROCOCHINO",nov!$D$1:$D$100)+SUMIF(nov!$A$1:$A$100,"SANTA ISABEL",nov!$D$1:$D$100) -> 0 | N34: =SUMIF(dez!$A$1:$A$100,"SENADOR",dez!$D$1:$D$100)+SUMIF(dez!$A$1:$A$100,"BARAO DE COTEGIPE",dez!$D$1:$D$100)+SUMIF(dez!$A$1:$A$100,"PETROCOCHINO",dez!$D$1:$D$100)+SUMIF(dez!$A$1:$A$100,"SANTA ISABEL",dez!$D$1:$D$100) -> 0 | O34: =C34+D34+E34 -> 148 | P34: =F34+G34+H34 -> 180 | Q34: =I34+J34+K34 -> 136 | R34: =L34+M34+N34 -> 0
B35: MIGUEL PEDRO ESB | C35: =SUMIF(jan!$A$1:$A$100,"MIGUEL PEDRO",jan!$D$1:$D$100)+SUMIF(jan!$A$1:$A$100,"MANOEL DE ABREU",jan!$D$1:$D$100)+SUMIF(jan!$A$1:$A$100,"VILA OPERARIA ESF",jan!$D$1:$D$100) -> 49 | D35: =SUMIF(fev!$A$1:$A$100,"MIGUEL PEDRO",fev!$D$1:$D$100)+SUMIF(fev!$A$1:$A$100,"MANOEL DE ABREU",fev!$D$1:$D$100)+SUMIF(fev!$A$1:$A$100,"VILA OPERARIA ESF",fev!$D$1:$D$100) -> 49 | E35: =SUMIF(mar!$A$1:$A$100,"MIGUEL PEDRO",mar!$D$1:$D$100)+SUMIF(mar!$A$1:$A$100,"MANOEL DE ABREU",mar!$D$1:$D$100)+SUMIF(mar!$A$1:$A$100,"VILA OPERARIA ESF",mar!$D$1:$D$100) -> 43 | F35: =SUMIF(abr!$A$1:$A$100,"MIGUEL PEDRO",abr!$D$1:$D$100)+SUMIF(abr!$A$1:$A$100,"MANOEL DE ABREU",abr!$D$1:$D$100)+SUMIF(abr!$A$1:$A$100,"VILA OPERARIA ESF",abr!$D$1:$D$100) -> 42 | G35: =SUMIF(mai!$A$1:$A$100,"MIGUEL PEDRO",mai!$D$1:$D$100)+SUMIF(mai!$A$1:$A$100,"MANOEL DE ABREU",mai!$D$1:$D$100)+SUMIF(mai!$A$1:$A$100,"VILA OPERARIA ESF",mai!$D$1:$D$100) -> 44 | H35: =SUMIF(jun!$A$1:$A$100,"MIGUEL PEDRO",jun!$D$1:$D$100)+SUMIF(jun!$A$1:$A$100,"MANOEL DE ABREU",jun!$D$1:$D$100)+SUMIF(jun!$A$1:$A$100,"VILA OPERARIA ESF",jun!$D$1:$D$100) -> 46 | I35: =SUMIF(jul!$A$1:$A$100,"MIGUEL PEDRO",jul!$D$1:$D$100)+SUMIF(jul!$A$1:$A$100,"MANOEL DE ABREU",jul!$D$1:$D$100)+SUMIF(jul!$A$1:$A$100,"VILA OPERARIA ESF",jul!$D$1:$D$100) -> 52 | J35: =SUMIF(ago!$A$1:$A$100,"MIGUEL PEDRO",ago!$D$1:$D$100)+SUMIF(ago!$A$1:$A$100,"MANOEL DE ABREU",ago!$D$1:$D$100)+SUMIF(ago!$A$1:$A$100,"VILA OPERARIA ESF",ago!$D$1:$D$100) -> 61 | K35: =SUMIF(set!$A$1:$A$100,"MIGUEL PEDRO",set!$D$1:$D$100)+SUMIF(set!$A$1:$A$100,"MANOEL DE ABREU",set!$D$1:$D$100)+SUMIF(set!$A$1:$A$100,"VILA OPERARIA ESF",set!$D$1:$D$100) -> 0 | L35: =SUMIF(out!$A$1:$A$100,"MIGUEL PEDRO",out!$D$1:$D$100)+SUMIF(out!$A$1:$A$100,"MANOEL DE ABREU",out!$D$1:$D$100)+SUMIF(out!$A$1:$A$100,"VILA OPERARIA ESF",out!$D$1:$D$100) -> 0 | M35: =SUMIF(nov!$A$1:$A$100,"MIGUEL PEDRO",nov!$D$1:$D$100)+SUMIF(nov!$A$1:$A$100,"MANOEL DE ABREU",nov!$D$1:$D$100)+SUMIF(nov!$A$1:$A$100,"VILA OPERARIA ESF",nov!$D$1:$D$100) -> 0 | N35: =SUMIF(dez!$A$1:$A$100,"MIGUEL PEDRO",dez!$D$1:$D$100)+SUMIF(dez!$A$1:$A$100,"MANOEL DE ABREU",dez!$D$1:$D$100)+SUMIF(dez!$A$1:$A$100,"VILA OPERARIA ESF",dez!$D$1:$D$100) -> 0 | O35: =C35+D35+E35 -> 141 | P35: =F35+G35+H35 -> 132 | Q35: =I35+J35+K35 -> 113 | R35: =L35+M35+N35 -> 0
B36: CONSELHEIRO ESB | C36: =SUMIF(jan!$A$1:$A$100,"CONSELHEIRO",jan!$D$1:$D$100)+SUMIF(jan!$A$1:$A$100,"SOUZA FRANCO",jan!$D$1:$D$100)+SUMIF(jan!$A$1:$A$100,"VIA LACTEA",jan!$D$1:$D$100) -> 52 | D36: =SUMIF(fev!$A$1:$A$100,"CONSELHEIRO",fev!$D$1:$D$100)+SUMIF(fev!$A$1:$A$100,"SOUZA FRANCO",fev!$D$1:$D$100)+SUMIF(fev!$A$1:$A$100,"VIA LACTEA",fev!$D$1:$D$100) -> 48 | E36: =SUMIF(mar!$A$1:$A$100,"CONSELHEIRO",mar!$D$1:$D$100)+SUMIF(mar!$A$1:$A$100,"SOUZA FRANCO",mar!$D$1:$D$100)+SUMIF(mar!$A$1:$A$100,"VIA LACTEA",mar!$D$1:$D$100) -> 53 | F36: =SUMIF(abr!$A$1:$A$100,"CONSELHEIRO",abr!$D$1:$D$100)+SUMIF(abr!$A$1:$A$100,"SOUZA FRANCO",abr!$D$1:$D$100)+SUMIF(abr!$A$1:$A$100,"VIA LACTEA",abr!$D$1:$D$100) -> 57 | G36: =SUMIF(mai!$A$1:$A$100,"CONSELHEIRO",mai!$D$1:$D$100)+SUMIF(mai!$A$1:$A$100,"SOUZA FRANCO",mai!$D$1:$D$100)+SUMIF(mai!$A$1:$A$100,"VIA LACTEA",mai!$D$1:$D$100) -> 60 | H36: =SUMIF(jun!$A$1:$A$100,"CONSELHEIRO",jun!$D$1:$D$100)+SUMIF(jun!$A$1:$A$100,"SOUZA FRANCO",jun!$D$1:$D$100)+SUMIF(jun!$A$1:$A$100,"VIA LACTEA",jun!$D$1:$D$100) -> 64 | I36: =SUMIF(jul!$A$1:$A$100,"CONSELHEIRO",jul!$D$1:$D$100)+SUMIF(jul!$A$1:$A$100,"SOUZA FRANCO",jul!$D$1:$D$100)+SUMIF(jul!$A$1:$A$100,"VIA LACTEA",jul!$D$1:$D$100) -> 66 | J36: =SUMIF(ago!$A$1:$A$100,"CONSELHEIRO",ago!$D$1:$D$100)+SUMIF(ago!$A$1:$A$100,"SOUZA FRANCO",ago!$D$1:$D$100)+SUMIF(ago!$A$1:$A$100,"VIA LACTEA",ago!$D$1:$D$100) -> 67 | K36: =SUMIF(set!$A$1:$A$100,"CONSELHEIRO",set!$D$1:$D$100)+SUMIF(set!$A$1:$A$100,"SOUZA FRANCO",set!$D$1:$D$100)+SUMIF(set!$A$1:$A$100,"VIA LACTEA",set!$D$1:$D$100) -> 0 | L36: =SUMIF(out!$A$1:$A$100,"CONSELHEIRO",out!$D$1:$D$100)+SUMIF(out!$A$1:$A$100,"SOUZA FRANCO",out!$D$1:$D$100)+SUMIF(out!$A$1:$A$100,"VIA LACTEA",out!$D$1:$D$100) -> 0 | M36: =SUMIF(nov!$A$1:$A$100,"CONSELHEIRO",nov!$D$1:$D$100)+SUMIF(nov!$A$1:$A$100,"SOUZA FRANCO",nov!$D$1:$D$100)+SUMIF(nov!$A$1:$A$100,"VIA LACTEA",nov!$D$1:$D$100) -> 0 | N36: =SUMIF(dez!$A$1:$A$100,"CONSELHEIRO",dez!$D$1:$D$100)+SUMIF(dez!$A$1:$A$100,"SOUZA FRANCO",dez!$D$1:$D$100)+SUMIF(dez!$A$1:$A$100,"VIA LACTEA",dez!$D$1:$D$100) -> 0 | O36: =C36+D36+E36 -> 153 | P36: =F36+G36+H36 -> 181 | Q36: =I36+J36+K36 -> 133 | R36: =L36+M36+N36 -> 0
A37: CMS NICOLA ALBANO | B37: BOA VISTA ESB | C37: =SUMIF(jan!$A$1:$A$100,"BOA VISTA",jan!$D$1:$D$100)+SUMIF(jan!$A$1:$A$100,"FLORESTA DA TIJUCA",jan!$D$1:$D$100)+SUMIF(jan!$A$1:$A$100,"CACHOEIRA",jan!$D$1:$D$100) -> 57 | D37: =SUMIF(fev!$A$1:$A$100,"BOA VISTA",fev!$D$1:$D$100)+SUMIF(fev!$A$1:$A$100,"FLORESTA DA TIJUCA",fev!$D$1:$D$100)+SUMIF(fev!$A$1:$A$100,"CACHOEIRA",fev!$D$1:$D$100) -> 62 | E37: =SUMIF(mar!$A$1:$A$100,"BOA VISTA",mar!$D$1:$D$100)+SUMIF(mar!$A$1:$A$100,"FLORESTA DA TIJUCA",mar!$D$1:$D$100)+SUMIF(mar!$A$1:$A$100,"CACHOEIRA",mar!$D$1:$D$100) -> 73 | F37: =SUMIF(abr!$A$1:$A$100,"BOA VISTA",abr!$D$1:$D$100)+SUMIF(abr!$A$1:$A$100,"FLORESTA DA TIJUCA",abr!$D$1:$D$100)+SUMIF(abr!$A$1:$A$100,"CACHOEIRA",abr!$D$1:$D$100) -> 76 | G37: =SUMIF(mai!$A$1:$A$100,"BOA VISTA",mai!$D$1:$D$100)+SUMIF(mai!$A$1:$A$100,"FLORESTA DA TIJUCA",mai!$D$1:$D$100)+SUMIF(mai!$A$1:$A$100,"CACHOEIRA",mai!$D$1:$D$100) -> 86 | H37: =SUMIF(jun!$A$1:$A$100,"BOA VISTA",jun!$D$1:$D$100)+SUMIF(jun!$A$1:$A$100,"FLORESTA DA TIJUCA",jun!$D$1:$D$100)+SUMIF(jun!$A$1:$A$100,"CACHOEIRA",jun!$D$1:$D$100) -> 79 | I37: =SUMIF(jul!$A$1:$A$100,"BOA VISTA",jul!$D$1:$D$100)+SUMIF(jul!$A$1:$A$100,"FLORESTA DA TIJUCA",jul!$D$1:$D$100)+SUMIF(jul!$A$1:$A$100,"CACHOEIRA",jul!$D$1:$D$100) -> 94 | J37: =SUMIF(ago!$A$1:$A$100,"BOA VISTA",ago!$D$1:$D$100)+SUMIF(ago!$A$1:$A$100,"FLORESTA DA TIJUCA",ago!$D$1:$D$100)+SUMIF(ago!$A$1:$A$100,"CACHOEIRA",ago!$D$1:$D$100) -> 103 | K37: =SUMIF(set!$A$1:$A$100,"BOA VISTA",set!$D$1:$D$100)+SUMIF(set!$A$1:$A$100,"FLORESTA DA TIJUCA",set!$D$1:$D$100)+SUMIF(set!$A$1:$A$100,"CACHOEIRA",set!$D$1:$D$100) -> 0 | L37: =SUMIF(out!$A$1:$A$100,"BOA VISTA",out!$D$1:$D$100)+SUMIF(out!$A$1:$A$100,"FLORESTA DA TIJUCA",out!$D$1:$D$100)+SUMIF(out!$A$1:$A$100,"CACHOEIRA",out!$D$1:$D$100) -> 0 | M37: =SUMIF(nov!$A$1:$A$100,"BOA VISTA",nov!$D$1:$D$100)+SUMIF(nov!$A$1:$A$100,"FLORESTA DA TIJUCA",nov!$D$1:$D$100)+SUMIF(nov!$A$1:$A$100,"CACHOEIRA",nov!$D$1:$D$100) -> 0 | N37: =SUMIF(dez!$A$1:$A$100,"BOA VISTA",dez!$D$1:$D$100)+SUMIF(dez!$A$1:$A$100,"FLORESTA DA TIJUCA",dez!$D$1:$D$100)+SUMIF(dez!$A$1:$A$100,"CACHOEIRA",dez!$D$1:$D$100) -> 0 | O37: =C37+D37+E37 -> 192 | P37: =F37+G37+H37 -> 241 | Q37: =I37+J37+K37 -> 197 | R37: =L37+M37+N37 -> 0
A38: CMS NILZA ROSA | B38: RAIA ESB | C38: =SUMIF(jan!$A$1:$A$100,"RAIA",jan!$D$1:$D$100)+SUMIF(jan!$A$1:$A$100,"CASCATA",jan!$D$1:$D$100) -> 57 | D38: =SUMIF(fev!$A$1:$A$100,"RAIA",fev!$D$1:$D$100)+SUMIF(fev!$A$1:$A$100,"CASCATA",fev!$D$1:$D$100) -> 58 | E38: =SUMIF(mar!$A$1:$A$100,"RAIA",mar!$D$1:$D$100)+SUMIF(mar!$A$1:$A$100,"CASCATA",mar!$D$1:$D$100) -> 61 | F38: =SUMIF(abr!$A$1:$A$100,"RAIA",abr!$D$1:$D$100)+SUMIF(abr!$A$1:$A$100,"CASCATA",abr!$D$1:$D$100) -> 57 | G38: =SUMIF(mai!$A$1:$A$100,"RAIA",mai!$D$1:$D$100)+SUMIF(mai!$A$1:$A$100,"CASCATA",mai!$D$1:$D$100) -> 59 | H38: =SUMIF(jun!$A$1:$A$100,"RAIA",jun!$D$1:$D$100)+SUMIF(jun!$A$1:$A$100,"CASCATA",jun!$D$1:$D$100) -> 62 | I38: =SUMIF(jul!$A$1:$A$100,"RAIA",jul!$D$1:$D$100)+SUMIF(jul!$A$1:$A$100,"CASCATA",jul!$D$1:$D$100) -> 63 | J38: =SUMIF(ago!$A$1:$A$100,"RAIA",ago!$D$1:$D$100)+SUMIF(ago!$A$1:$A$100,"CASCATA",ago!$D$1:$D$100) -> 63 | K38: =SUMIF(set!$A$1:$A$100,"RAIA",set!$D$1:$D$100)+SUMIF(set!$A$1:$A$100,"CASCATA",set!$D$1:$D$100) -> 0 | L38: =SUMIF(out!$A$1:$A$100,"RAIA",out!$D$1:$D$100)+SUMIF(out!$A$1:$A$100,"CASCATA",out!$D$1:$D$100) -> 0 | M38: =SUMIF(nov!$A$1:$A$100,"RAIA",nov!$D$1:$D$100)+SUMIF(nov!$A$1:$A$100,"CASCATA",nov!$D$1:$D$100) -> 0 | N38: =SUMIF(dez!$A$1:$A$100,"RAIA",dez!$D$1:$D$100)+SUMIF(dez!$A$1:$A$100,"CASCATA",dez!$D$1:$D$100) -> 0 | O38: =C38+D38+E38 -> 176 | P38: =F38+G38+H38 -> 178 | Q38: =I38+J38+K38 -> 126 | R38: =L38+M38+N38 -> 0
A39: CAP 2.2 | C39: =SUMIF(jan!$A$1:$A$100,"*AP 22",jan!$D$1:$D$100) -> 1124 | D39: =SUMIF(fev!$A$1:$A$100,"*AP 22",fev!$D$1:$D$100) -> 1136 | E39: =SUMIF(mar!$A$1:$A$100,"*AP 22",mar!$D$1:$D$100) -> 1165 | F39: =SUMIF(abr!$A$1:$A$100,"*AP 22",abr!$D$1:$D$100) -> 1167 | G39: =SUMIF(mai!$A$1:$A$100,"*AP 22",mai!$D$1:$D$100) -> 1152 | H39: =SUMIF(jun!$A$1:$A$100,"*AP 22",jun!$D$1:$D$100) -> 1146 | I39: =SUMIF(jul!$A$1:$A$100,"*AP 22",jul!$D$1:$D$100) -> 1178 | J39: =SUMIF(ago!$A$1:$A$100,"*AP 22",ago!$D$1:$D$100) -> 1207 | K39: =SUMIF(set!$A$1:$A$100,"*AP 22",set!$D$1:$D$100) -> 0 | L39: =SUMIF(out!$A$1:$A$100,"*AP 22",out!$D$1:$D$100) -> 0 | M39: =SUMIF(nov!$A$1:$A$100,"*AP 22",nov!$D$1:$D$100) -> 0 | N39: =SUMIF(dez!$A$1:$A$100,"*AP 22",dez!$D$1:$D$100) -> 0 | O39: =C39+D39+E39 -> 3425 | P39: =F39+G39+H39 -> 3465 | Q39: =I39+J39+K39 -> 2385 | R39: =L39+M39+N39 -> 0
C40: =SUM(C18:C38) -> 1124 | D40: =SUM(D18:D38) -> 1136 | E40: =SUM(E18:E38) -> 1165 | F40: =SUM(F18:F38) -> 1167 | G40: =SUM(G18:G38) -> 1152 | H40: =SUM(H18:H38) -> 1146 | I40: =SUM(I18:I38) -> 1178 | J40: =SUM(J18:J38) -> 1207 | ... N40: =SUM(N18:N38) -> 0
A41: Denominador - PN encerrado
C42: Número de gestantes que encerraram o pré natal no mês
A43: UNIDADE | C43: JAN | D43: FEV | E43: MAR | F43: ABR | G43: MAI | H43: JUN | I43: JUL | J43: AGO | K43: SET | L43: OUT | M43: NOV | N43: DEZ | O43: 1 trim | P43: 2 trim | Q43: 3 trim | R43: 4 trim
A44: CF ODALEA FIRMO DUTRA | B44: ADOLFO CAMINHA ESB | C44: =SUMIF(jan!$A$1:$A$100,"ADOLFO CAMINHA",jan!$B$1:$B$100)+SUMIF(jan!$A$1:$A$100,"ITORORO",jan!$B$1:$B$100) -> 76 | D44: =SUMIF(fev!$A$1:$A$100,"ADOLFO CAMINHA",fev!$B$1:$B$100)+SUMIF(fev!$A$1:$A$100,"ITORORO",fev!$B$1:$B$100) -> 78 | E44: =SUMIF(mar!$A$1:$A$100,"ADOLFO CAMINHA",mar!$B$1:$B$100)+SUMIF(mar!$A$1:$A$100,"ITORORO",mar!$B$1:$B$100) -> 143 | F44: =SUMIF(abr!$A$1:$A$100,"ADOLFO CAMINHA",abr!$B$1:$B$100)+SUMIF(abr!$A$1:$A$100,"ITORORO",abr!$B$1:$B$100) -> 143 | G44: =SUMIF(mai!$A$1:$A$100,"ADOLFO CAMINHA",mai!$B$1:$B$100)+SUMIF(mai!$A$1:$A$100,"ITORORO",mai!$B$1:$B$100) -> 207 | H44: =SUMIF(jun!$A$1:$A$100,"ADOLFO CAMINHA",jun!$B$1:$B$100)+SUMIF(jun!$A$1:$A$100,"ITORORO",jun!$B$1:$B$100) -> 149 | I44: =SUMIF(jul!$A$1:$A$100,"ADOLFO CAMINHA",jul!$B$1:$B$100)+SUMIF(jul!$A$1:$A$100,"ITORORO",jul!$B$1:$B$100) -> 161 | J44: =SUMIF(ago!$A$1:$A$100,"ADOLFO CAMINHA",ago!$B$1:$B$100)+SUMIF(ago!$A$1:$A$100,"ITORORO",ago!$B$1:$B$100) -> 167 | K44: =SUMIF(set!$A$1:$A$100,"ADOLFO CAMINHA",set!$B$1:$B$100)+SUMIF(set!$A$1:$A$100,"ITORORO",set!$B$1:$B$100) -> 0 | L44: =SUMIF(out!$A$1:$A$100,"ADOLFO CAMINHA",out!$B$1:$B$100)+SUMIF(out!$A$1:$A$100,"ITORORO",out!$B$1:$B$100) -> 0 | M44: =SUMIF(nov!$A$1:$A$100,"ADOLFO CAMINHA",nov!$B$1:$B$100)+SUMIF(nov!$A$1:$A$100,"ITORORO",nov!$B$1:$B$100) -> 0 | N44: =SUMIF(dez!$A$1:$A$100,"ADOLFO CAMINHA",dez!$B$1:$B$100)+SUMIF(dez!$A$1:$A$100,"ITORORO",dez!$B$1:$B$100) -> 0 | O44: =C44+D44+E44 -> 297 | P44: =F44+G44+H44 -> 499 | Q44: =I44+J44+K44 -> 328 | R44: =L44+M44+N44 -> 0
B45: SANTO ESTEVAO ESB | C45: =SUMIF(jan!$A$1:$A$100,"SANTO ESTEVAO",jan!$B$1:$B$100)+SUMIF(jan!$A$1:$A$100,"GASTAO PENALVA I",jan!$B$1:$B$100)++SUMIF(jan!$A$1:$A$100,"GASTAO PENALVA II",jan!$B$1:$B$100) -> 142 | D45: =SUMIF(fev!$A$1:$A$100,"SANTO ESTEVAO",fev!$B$1:$B$100)+SUMIF(fev!$A$1:$A$100,"GASTAO PENALVA I",fev!$B$1:$B$100)++SUMIF(fev!$A$1:$A$100,"GASTAO PENALVA II",fev!$B$1:$B$100) -> 143 | E45: =SUMIF(mar!$A$1:$A$100,"SANTO ESTEVAO",mar!$B$1:$B$100)+SUMIF(mar!$A$1:$A$100,"GASTAO PENALVA I",mar!$B$1:$B$100)++SUMIF(mar!$A$1:$A$100,"GASTAO PENALVA II",mar!$B$1:$B$100) -> 166 | F45: =SUMIF(abr!$A$1:$A$100,"SANTO ESTEVAO",abr!$B$1:$B$100)+SUMIF(abr!$A$1:$A$100,"GASTAO PENALVA I",abr!$B$1:$B$100)++SUMIF(abr!$A$1:$A$100,"GASTAO PENALVA II",abr!$B$1:$B$100) -> 165 | G45: =SUMIF(mai!$A$1:$A$100,"SANTO ESTEVAO",mai!$B$1:$B$100)+SUMIF(mai!$A$1:$A$100,"GASTAO PENALVA I",mai!$B$1:$B$100)++SUMIF(mai!$A$1:$A$100,"GASTAO PENALVA II",mai!$B$1:$B$100) -> 163 | H45: =SUMIF(jun!$A$1:$A$100,"SANTO ESTEVAO",jun!$B$1:$B$100)+SUMIF(jun!$A$1:$A$100,"GASTAO PENALVA I",jun!$B$1:$B$100)++SUMIF(jun!$A$1:$A$100,"GASTAO PENALVA II",jun!$B$1:$B$100) -> 170 | I45: =SUMIF(jul!$A$1:$A$100,"SANTO ESTEVAO",jul!$B$1:$B$100)+SUMIF(jul!$A$1:$A$100,"GASTAO PENALVA I",jul!$B$1:$B$100)++SUMIF(jul!$A$1:$A$100,"GASTAO PENALVA II",jul!$B$1:$B$100) -> 167 | J45: =SUMIF(ago!$A$1:$A$100,"SANTO ESTEVAO",ago!$B$1:$B$100)+SUMIF(ago!$A$1:$A$100,"GASTAO PENALVA I",ago!$B$1:$B$100)++SUMIF(ago!$A$1:$A$100,"GASTAO PENALVA II",ago!$B$1:$B$100) -> 170 | K45: =SUMIF(set!$A$1:$A$100,"SANTO ESTEVAO",set!$B$1:$B$100)+SUMIF(set!$A$1:$A$100,"GASTAO PENALVA I",set!$B$1:$B$100)++SUMIF(set!$A$1:$A$100,"GASTAO PENALVA II",set!$B$1:$B$100) -> 0 | L45: =SUMIF(out!$A$1:$A$100,"SANTO ESTEVAO",out!$B$1:$B$100)+SUMIF(out!$A$1:$A$100,"GASTAO PENALVA I",out!$B$1:$B$100)++SUMIF(out!$A$1:$A$100,"GASTAO PENALVA II",out!$B$1:$B$100) -> 0 | M45: =SUMIF(nov!$A$1:$A$100,"SANTO ESTEVAO",nov!$B$1:$B$100)+SUMIF(nov!$A$1:$A$100,"GASTAO PENALVA I",nov!$B$1:$B$100)++SUMIF(nov!$A$1:$A$100,"GASTAO PENALVA II",nov!$B$1:$B$100) -> 0 | N45: =SUMIF(dez!$A$1:$A$100,"SANTO ESTEVAO",dez!$B$1:$B$100)+SUMIF(dez!$A$1:$A$100,"GASTAO PENALVA I",dez!$B$1:$B$100)++SUMIF(dez!$A$1:$A$100,"GASTAO PENALVA II",dez!$B$1:$B$100) -> 0 | O45: =C45+D45+E45 -> 451 | P45: =F45+G45+H45 -> 498 | Q45: =I45+J45+K45 -> 337 | R45: =L45+M45+N45 -> 0
B46: ARAXA ESB | C46: =SUMIF(jan!$A$1:$A$100,"ARAXA",jan!$B$1:$B$100)+SUMIF(jan!$A$1:$A$100,"UBERABA",jan!$B$1:$B$100) -> 130 | D46: =SUMIF(fev!$A$1:$A$100,"ARAXA",fev!$B$1:$B$100)+SUMIF(fev!$A$1:$A$100,"UBERABA",fev!$B$1:$B$100) -> 128 | E46: =SUMIF(mar!$A$1:$A$100,"ARAXA",mar!$B$1:$B$100)+SUMIF(mar!$A$1:$A$100,"UBERABA",mar!$B$1:$B$100) -> 126 | F46: =SUMIF(abr!$A$1:$A$100,"ARAXA",abr!$B$1:$B$100)+SUMIF(abr!$A$1:$A$100,"UBERABA",abr!$B$1:$B$100) -> 128 | G46: =SUMIF(mai!$A$1:$A$100,"ARAXA",mai!$B$1:$B$100)+SUMIF(mai!$A$1:$A$100,"UBERABA",mai!$B$1:$B$100) -> 136 | H46: =SUMIF(jun!$A$1:$A$100,"ARAXA",jun!$B$1:$B$100)+SUMIF(jun!$A$1:$A$100,"UBERABA",jun!$B$1:$B$100) -> 140 | I46: =SUMIF(jul!$A$1:$A$100,"ARAXA",jul!$B$1:$B$100)+SUMIF(jul!$A$1:$A$100,"UBERABA",jul!$B$1:$B$100) -> 136 | J46: =SUMIF(ago!$A$1:$A$100,"ARAXA",ago!$B$1:$B$100)+SUMIF(ago!$A$1:$A$100,"UBERABA",ago!$B$1:$B$100) -> 138 | K46: =SUMIF(set!$A$1:$A$100,"ARAXA",set!$B$1:$B$100)+SUMIF(set!$A$1:$A$100,"UBERABA",set!$B$1:$B$100) -> 0 | L46: =SUMIF(out!$A$1:$A$100,"ARAXA",out!$B$1:$B$100)+SUMIF(out!$A$1:$A$100,"UBERABA",out!$B$1:$B$100) -> 0 | M46: =SUMIF(nov!$A$1:$A$100,"ARAXA",nov!$B$1:$B$100)+SUMIF(nov!$A$1:$A$100,"UBERABA",nov!$B$1:$B$100) -> 0 | N46: =SUMIF(dez!$A$1:$A$100,"ARAXA",dez!$B$1:$B$100)+SUMIF(dez!$A$1:$A$100,"UBERABA",dez!$B$1:$B$100) -> 0 | O46: =C46+D46+E46 -> 384 | P46: =F46+G46+H46 -> 404 | Q46: =I46+J46+K46 -> 274 | R46: =L46+M46+N46 -> 0
B47: FURNAS ESB | C47: =SUMIF(jan!$A$1:$A$100,"FURNAS",jan!$B$1:$B$100)+SUMIF(jan!$A$1:$A$100,"ESPERANCA",jan!$B$1:$B$100) -> 123 | D47: =SUMIF(fev!$A$1:$A$100,"FURNAS",fev!$B$1:$B$100)+SUMIF(fev!$A$1:$A$100,"ESPERANCA",fev!$B$1:$B$100) -> 124 | E47: =SUMIF(mar!$A$1:$A$100,"FURNAS",mar!$B$1:$B$100)+SUMIF(mar!$A$1:$A$100,"ESPERANCA",mar!$B$1:$B$100) -> 121 | F47: =SUMIF(abr!$A$1:$A$100,"FURNAS",abr!$B$1:$B$100)+SUMIF(abr!$A$1:$A$100,"ESPERANCA",abr!$B$1:$B$100) -> 118 | G47: =SUMIF(mai!$A$1:$A$100,"FURNAS",mai!$B$1:$B$100)+SUMIF(mai!$A$1:$A$100,"ESPERANCA",mai!$B$1:$B$100) -> 120 | H47: =SUMIF(jun!$A$1:$A$100,"FURNAS",jun!$B$1:$B$100)+SUMIF(jun!$A$1:$A$100,"ESPERANCA",jun!$B$1:$B$100) -> 126 | I47: =SUMIF(jul!$A$1:$A$100,"FURNAS",jul!$B$1:$B$100)+SUMIF(jul!$A$1:$A$100,"ESPERANCA",jul!$B$1:$B$100) -> 132 | J47: =SUMIF(ago!$A$1:$A$100,"FURNAS",ago!$B$1:$B$100)+SUMIF(ago!$A$1:$A$100,"ESPERANCA",ago!$B$1:$B$100) -> 139 | K47: =SUMIF(set!$A$1:$A$100,"FURNAS",set!$B$1:$B$100)+SUMIF(set!$A$1:$A$100,"ESPERANCA",set!$B$1:$B$100) -> 0 | L47: =SUMIF(out!$A$1:$A$100,"FURNAS",out!$B$1:$B$100)+SUMIF(out!$A$1:$A$100,"ESPERANCA",out!$B$1:$B$100) -> 0 | M47: =SUMIF(nov!$A$1:$A$100,"FURNAS",nov!$B$1:$B$100)+SUMIF(nov!$A$1:$A$100,"ESPERANCA",nov!$B$1:$B$100) -> 0 | N47: =SUMIF(dez!$A$1:$A$100,"FURNAS",dez!$B$1:$B$100)+SUMIF(dez!$A$1:$A$100,"ESPERANCA",dez!$B$1:$B$100) -> 0 | O47: =C47+D47+E47 -> 368 | P47: =F47+G47+H47 -> 364 | Q47: =I47+J47+K47 -> 271 | R47: =L47+M47+N47 -> 0
A48: CF RECANTO DO TROVADOR | B48: POPULAR ESB | C48: =SUMIF(jan!$A$1:$A$100,"POPULAR",jan!$B$1:$B$100)+SUMIF(jan!$A$1:$A$100,"CARUARU",jan!$B$1:$B$100) -> 170 | D48: =SUMIF(fev!$A$1:$A$100,"POPULAR",fev!$B$1:$B$100)+SUMIF(fev!$A$1:$A$100,"CARUARU",fev!$B$1:$B$100) -> 171 | E48: =SUMIF(mar!$A$1:$A$100,"POPULAR",mar!$B$1:$B$100)+SUMIF(mar!$A$1:$A$100,"CARUARU",mar!$B$1:$B$100) -> 173 | F48: =SUMIF(abr!$A$1:$A$100,"POPULAR",abr!$B$1:$B$100)+SUMIF(abr!$A$1:$A$100,"CARUARU",abr!$B$1:$B$100) -> 173 | G48: =SUMIF(mai!$A$1:$A$100,"POPULAR",mai!$B$1:$B$100)+SUMIF(mai!$A$1:$A$100,"CARUARU",mai!$B$1:$B$100) -> 179 | H48: =SUMIF(jun!$A$1:$A$100,"POPULAR",jun!$B$1:$B$100)+SUMIF(jun!$A$1:$A$100,"CARUARU",jun!$B$1:$B$100) -> 180 | I48: =SUMIF(jul!$A$1:$A$100,"POPULAR",jul!$B$1:$B$100)+SUMIF(jul!$A$1:$A$100,"CARUARU",jul!$B$1:$B$100) -> 177 | J48: =SUMIF(ago!$A$1:$A$100,"POPULAR",ago!$B$1:$B$100)+SUMIF(ago!$A$1:$A$100,"CARUARU",ago!$B$1:$B$100) -> 188 | K48: =SUMIF(set!$A$1:$A$100,"POPULAR",set!$B$1:$B$100)+SUMIF(set!$A$1:$A$100,"CARUARU",set!$B$1:$B$100) -> 0 | L48: =SUMIF(out!$A$1:$A$100,"POPULAR",out!$B$1:$B$100)+SUMIF(out!$A$1:$A$100,"CARUARU",out!$B$1:$B$100) -> 0 | M48: =SUMIF(nov!$A$1:$A$100,"POPULAR",nov!$B$1:$B$100)+SUMIF(nov!$A$1:$A$100,"CARUARU",nov!$B$1:$B$100) -> 0 | N48: =SUMIF(dez!$A$1:$A$100,"POPULAR",dez!$B$1:$B$100)+SUMIF(dez!$A$1:$A$100,"CARUARU",dez!$B$1:$B$100) -> 0 | O48: =C48+D48+E48 -> 514 | P48: =F48+G48+H48 -> 532 | Q48: =I48+J48+K48 -> 365 | R48: =L48+M48+N48 -> 0
B49: MARTINHO DA VILA ESB | C49: =SUMIF(jan!$A$1:$A$100,"MARTINHO DA VILA",jan!$B$1:$B$100)+SUMIF(jan!$A$1:$A$100,"NOEL ROSA",jan!$B$1:$B$100) -> 158 | D49: =SUMIF(fev!$A$1:$A$100,"MARTINHO DA VILA",fev!$B$1:$B$100)+SUMIF(fev!$A$1:$A$100,"NOEL ROSA",fev!$B$1:$B$100) -> 166 | E49: =SUMIF(mar!$A$1:$A$100,"MARTINHO DA VILA",mar!$B$1:$B$100)+SUMIF(mar!$A$1:$A$100,"NOEL ROSA",mar!$B$1:$B$100) -> 166 | F49: =SUMIF(abr!$A$1:$A$100,"MARTINHO DA VILA",abr!$B$1:$B$100)+SUMIF(abr!$A$1:$A$100,"NOEL ROSA",abr!$B$1:$B$100) -> 170 | G49: =SUMIF(mai!$A$1:$A$100,"MARTINHO DA VILA",mai!$B$1:$B$100)+SUMIF(mai!$A$1:$A$100,"NOEL ROSA",mai!$B$1:$B$100) -> 164 | H49: =SUMIF(jun!$A$1:$A$100,"MARTINHO DA VILA",jun!$B$1:$B$100)+SUMIF(jun!$A$1:$A$100,"NOEL ROSA",jun!$B$1:$B$100) -> 168 | I49: =SUMIF(jul!$A$1:$A$100,"MARTINHO DA VILA",jul!$B$1:$B$100)+SUMIF(jul!$A$1:$A$100,"NOEL ROSA",jul!$B$1:$B$100) -> 164 | J49: =SUMIF(ago!$A$1:$A$100,"MARTINHO DA VILA",ago!$B$1:$B$100)+SUMIF(ago!$A$1:$A$100,"NOEL ROSA",ago!$B$1:$B$100) -> 166 | K49: =SUMIF(set!$A$1:$A$100,"MARTINHO DA VILA",set!$B$1:$B$100)+SUMIF(set!$A$1:$A$100,"NOEL ROSA",set!$B$1:$B$100) -> 0 | L49: =SUMIF(out!$A$1:$A$100,"MARTINHO DA VILA",out!$B$1:$B$100)+SUMIF(out!$A$1:$A$100,"NOEL ROSA",out!$B$1:$B$100) -> 0 | M49: =SUMIF(nov!$A$1:$A$100,"MARTINHO DA VILA",nov!$B$1:$B$100)+SUMIF(nov!$A$1:$A$100,"NOEL ROSA",nov!$B$1:$B$100) -> 0 | N49: =SUMIF(dez!$A$1:$A$100,"MARTINHO DA VILA",dez!$B$1:$B$100)+SUMIF(dez!$A$1:$A$100,"NOEL ROSA",dez!$B$1:$B$100) -> 0 | O49: =C49+D49+E49 -> 490 | P49: =F49+G49+H49 -> 502 | Q49: =I49+J49+K49 -> 330 | R49: =L49+M49+N49 -> 0
A50: CMS CARLOS FIGUEIREDO FILHO | B50: TERREIRAO ESB | C50: =SUMIF(jan!$A$1:$A$100,"LADEIRA DO MOREIRA",jan!$B$1:$B$100)/2+SUMIF(jan!$A$1:$A$100,"TERREIRAO",jan!$B$1:$B$100) -> 188 | D50: =SUMIF(fev!$A$1:$A$100,"LADEIRA DO MOREIRA",fev!$B$1:$B$100)/2+SUMIF(fev!$A$1:$A$100,"TERREIRAO",fev!$B$1:$B$100) -> 194 | E50: =SUMIF(mar!$A$1:$A$100,"LADEIRA DO MOREIRA",mar!$B$1:$B$100)/2+SUMIF(mar!$A$1:$A$100,"TERREIRAO",mar!$B$1:$B$100) -> 195 | F50: =SUMIF(abr!$A$1:$A$100,"LADEIRA DO MOREIRA",abr!$B$1:$B$100)/2+SUMIF(abr!$A$1:$A$100,"TERREIRAO",abr!$B$1:$B$100) -> 197.5 | G50: =SUMIF(mai!$A$1:$A$100,"LADEIRA DO MOREIRA",mai!$B$1:$B$100)/2+SUMIF(mai!$A$1:$A$100,"TERREIRAO",mai!$B$1:$B$100) -> 197 | H50: =SUMIF(jun!$A$1:$A$100,"LADEIRA DO MOREIRA",jun!$B$1:$B$100)/2+SUMIF(jun!$A$1:$A$100,"TERREIRAO",jun!$B$1:$B$100) -> 197 | I50: =SUMIF(jul!$A$1:$A$100,"LADEIRA DO MOREIRA",jul!$B$1:$B$100)/2+SUMIF(jul!$A$1:$A$100,"TERREIRAO",jul!$B$1:$B$100) -> 191.5 | J50: =SUMIF(ago!$A$1:$A$100,"LADEIRA DO MOREIRA",ago!$B$1:$B$100)/2+SUMIF(ago!$A$1:$A$100,"TERREIRAO",ago!$B$1:$B$100) -> 196 | K50: =SUMIF(set!$A$1:$A$100,"LADEIRA DO MOREIRA",set!$B$1:$B$100)/2+SUMIF(set!$A$1:$A$100,"TERREIRAO",set!$B$1:$B$100) -> 0 | L50: =SUMIF(out!$A$1:$A$100,"LADEIRA DO MOREIRA",out!$B$1:$B$100)/2+SUMIF(out!$A$1:$A$100,"TERREIRAO",out!$B$1:$B$100) -> 0 | M50: =SUMIF(nov!$A$1:$A$100,"LADEIRA DO MOREIRA",nov!$B$1:$B$100)/2+SUMIF(nov!$A$1:$A$100,"TERREIRAO",nov!$B$1:$B$100) -> 0 | N50: =SUMIF(dez!$A$1:$A$100,"LADEIRA DO MOREIRA",dez!$B$1:$B$100)/2+SUMIF(dez!$A$1:$A$100,"TERREIRAO",dez!$B$1:$B$100) -> 0 | O50: =C50+D50+E50 -> 577 | P50: =F50+G50+H50 -> 591.5 | Q50: =I50+J50+K50 -> 387.5 | R50: =L50+M50+N50 -> 0
B51: SEMENTE ESB | C51: =SUMIF(jan!$A$1:$A$100,"LADEIRA DO MOREIRA",jan!$B$1:$B$100)/2+SUMIF(jan!$A$1:$A$100,"SEMENTE",jan!$B$1:$B$100) -> 241 | D51: =SUMIF(fev!$A$1:$A$100,"LADEIRA DO MOREIRA",fev!$B$1:$B$100)/2+SUMIF(fev!$A$1:$A$100,"SEMENTE",fev!$B$1:$B$100) -> 249 | E51: =SUMIF(mar!$A$1:$A$100,"LADEIRA DO MOREIRA",mar!$B$1:$B$100)/2+SUMIF(mar!$A$1:$A$100,"SEMENTE",mar!$B$1:$B$100) -> 254 | F51: =SUMIF(abr!$A$1:$A$100,"LADEIRA DO MOREIRA",abr!$B$1:$B$100)/2+SUMIF(abr!$A$1:$A$100,"SEMENTE",abr!$B$1:$B$100) -> 255.5 | G51: =SUMIF(mai!$A$1:$A$100,"LADEIRA DO MOREIRA",mai!$B$1:$B$100)/2+SUMIF(mai!$A$1:$A$100,"SEMENTE",mai!$B$1:$B$100) -> 259 | H51: =SUMIF(jun!$A$1:$A$100,"LADEIRA DO MOREIRA",jun!$B$1:$B$100)/2+SUMIF(jun!$A$1:$A$100,"SEMENTE",jun!$B$1:$B$100) -> 265 | I51: =SUMIF(jul!$A$1:$A$100,"LADEIRA DO MOREIRA",jul!$B$1:$B$100)/2+SUMIF(jul!$A$1:$A$100,"SEMENTE",jul!$B$1:$B$100) -> 268.5 | J51: =SUMIF(ago!$A$1:$A$100,"LADEIRA DO MOREIRA",ago!$B$1:$B$100)/2+SUMIF(ago!$A$1:$A$100,"SEMENTE",ago!$B$1:$B$100) -> 275 | K51: =SUMIF(set!$A$1:$A$100,"LADEIRA DO MOREIRA",set!$B$1:$B$100)/2+SUMIF(set!$A$1:$A$100,"SEMENTE",set!$B$1:$B$100) -> 0 | L51: =SUMIF(out!$A$1:$A$100,"LADEIRA DO MOREIRA",out!$B$1:$B$100)/2+SUMIF(out!$A$1:$A$100,"SEMENTE",out!$B$1:$B$100) -> 0 | M51: =SUMIF(nov!$A$1:$A$100,"LADEIRA DO MOREIRA",nov!$B$1:$B$100)/2+SUMIF(nov!$A$1:$A$100,"SEMENTE",nov!$B$1:$B$100) -> 0 | N51: =SUMIF(dez!$A$1:$A$100,"LADEIRA DO MOREIRA",dez!$B$1:$B$100)/2+SUMIF(dez!$A$1:$A$100,"SEMENTE",dez!$B$1:$B$100) -> 0 | O51: =C51+D51+E51 -> 744 | P51: =F51+G51+H51 -> 779.5 | Q51: =I51+J51+K51 -> 543.5 | R51: =L51+M51+N51 -> 0
A52: CMS CASA BRANCA | B52: CASA BRANCA ESB | C52: =SUMIF(jan!$A$1:$A$100,"CASA BRANCA",jan!$B$1:$B$100)+SUMIF(jan!$A$1:$A$100,"CHACARA DO CEU",jan!$B$1:$B$100) -> 155 | D52: =SUMIF(fev!$A$1:$A$100,"CASA BRANCA",fev!$B$1:$B$100)+SUMIF(fev!$A$1:$A$100,"CHACARA DO CEU",fev!$B$1:$B$100) -> 155 | E52: =SUMIF(mar!$A$1:$A$100,"CASA BRANCA",mar!$B$1:$B$100)+SUMIF(mar!$A$1:$A$100,"CHACARA DO CEU",mar!$B$1:$B$100) -> 159 | F52: =SUMIF(abr!$A$1:$A$100,"CASA BRANCA",abr!$B$1:$B$100)+SUMIF(abr!$A$1:$A$100,"CHACARA DO CEU",abr!$B$1:$B$100) -> 165 | G52: =SUMIF(mai!$A$1:$A$100,"CASA BRANCA",mai!$B$1:$B$100)+SUMIF(mai!$A$1:$A$100,"CHACARA DO CEU",mai!$B$1:$B$100) -> 162 | H52: =SUMIF(jun!$A$1:$A$100,"CASA BRANCA",jun!$B$1:$B$100)+SUMIF(jun!$A$1:$A$100,"CHACARA DO CEU",jun!$B$1:$B$100) -> 168 | I52: =SUMIF(jul!$A$1:$A$100,"CASA BRANCA",jul!$B$1:$B$100)+SUMIF(jul!$A$1:$A$100,"CHACARA DO CEU",jul!$B$1:$B$100) -> 168 | J52: =SUMIF(ago!$A$1:$A$100,"CASA BRANCA",ago!$B$1:$B$100)+SUMIF(ago!$A$1:$A$100,"CHACARA DO CEU",ago!$B$1:$B$100) -> 170 | K52: =SUMIF(set!$A$1:$A$100,"CASA BRANCA",set!$B$1:$B$100)+SUMIF(set!$A$1:$A$100,"CHACARA DO CEU",set!$B$1:$B$100) -> 0 | L52: =SUMIF(out!$A$1:$A$100,"CASA BRANCA",out!$B$1:$B$100)+SUMIF(out!$A$1:$A$100,"CHACARA DO CEU",out!$B$1:$B$100) -> 0 | M52: =SUMIF(nov!$A$1:$A$100,"CASA BRANCA",nov!$B$1:$B$100)+SUMIF(nov!$A$1:$A$100,"CHACARA DO CEU",nov!$B$1:$B$100) -> 0 | N52: =SUMIF(dez!$A$1:$A$100,"CASA BRANCA",dez!$B$1:$B$100)+SUMIF(dez!$A$1:$A$100,"CHACARA DO CEU",dez!$B$1:$B$100) -> 0 | O52: =C52+D52+E52 -> 469 | P52: =F52+G52+H52 -> 495 | Q52: =I52+J52+K52 -> 338 | R52: =L52+M52+N52 -> 0
A53: CMS HEITOR BELTRÃO | B53: SALGUEIRO ESB | C53: =SUMIF(jan!$A$1:$A$94,"SALGUEIRO",jan!$B$1:$B$94)+SUMIF(jan!$A$1:$A$94,"PRACA VARNHAGEM",jan!$B$1:$B$94)+SUMIF(jan!$A$1:$A$94,"RAIZES DO SALGUEIRO ESF",jan!$B$1:$B$94) -> 393 | D53: =SUMIF(fev!$A$1:$A$100,"SALGUEIRO",fev!$B$1:$B$100)+SUMIF(fev!$A$1:$A$100,"PRACA VARNHAGEM",fev!$B$1:$B$100)+SUMIF(fev!$A$1:$A$100,"RAIZES DO SALGUEIRO ESF",fev!$B$1:$B$100) -> 397 | E53: =SUMIF(mar!$A$1:$A$100,"SALGUEIRO",mar!$B$1:$B$100)+SUMIF(mar!$A$1:$A$100,"PRACA VARNHAGEM",mar!$B$1:$B$100)+SUMIF(mar!$A$1:$A$100,"RAIZES DO SALGUEIRO ESF",mar!$B$1:$B$100) -> 396 | F53: =SUMIF(abr!$A$1:$A$100,"SALGUEIRO",abr!$B$1:$B$100)+SUMIF(abr!$A$1:$A$100,"PRACA VARNHAGEM",abr!$B$1:$B$100)+SUMIF(abr!$A$1:$A$100,"RAIZES DO SALGUEIRO ESF",abr!$B$1:$B$100) -> 402 | G53: =SUMIF(mai!$A$1:$A$100,"SALGUEIRO",mai!$B$1:$B$100)+SUMIF(mai!$A$1:$A$100,"PRACA VARNHAGEM",mai!$B$1:$B$100)+SUMIF(mai!$A$1:$A$100,"RAIZES DO SALGUEIRO ESF",mai!$B$1:$B$100) -> 405 | H53: =SUMIF(jun!$A$1:$A$100,"SALGUEIRO",jun!$B$1:$B$100)+SUMIF(jun!$A$1:$A$100,"PRACA VARNHAGEM",jun!$B$1:$B$100)+SUMIF(jun!$A$1:$A$100,"RAIZES DO SALGUEIRO ESF",jun!$B$1:$B$100) -> 409 | I53: =SUMIF(jul!$A$1:$A$100,"SALGUEIRO",jul!$B$1:$B$100)+SUMIF(jul!$A$1:$A$100,"PRACA VARNHAGEM",jul!$B$1:$B$100)+SUMIF(jul!$A$1:$A$100,"RAIZES DO SALGUEIRO ESF",jul!$B$1:$B$100) -> 410 | J53: =SUMIF(ago!$A$1:$A$100,"SALGUEIRO",ago!$B$1:$B$100)+SUMIF(ago!$A$1:$A$100,"PRACA VARNHAGEM",ago!$B$1:$B$100)+SUMIF(ago!$A$1:$A$100,"RAIZES DO SALGUEIRO ESF",ago!$B$1:$B$100) -> 404 | K53: =SUMIF(set!$A$1:$A$100,"SALGUEIRO",set!$B$1:$B$100)+SUMIF(set!$A$1:$A$100,"PRACA VARNHAGEM",set!$B$1:$B$100)+SUMIF(set!$A$1:$A$100,"RAIZES DO SALGUEIRO ESF",set!$B$1:$B$100) -> 0 | L53: =SUMIF(out!$A$1:$A$100,"SALGUEIRO",out!$B$1:$B$100)+SUMIF(out!$A$1:$A$100,"PRACA VARNHAGEM",out!$B$1:$B$100)+SUMIF(out!$A$1:$A$100,"RAIZES DO SALGUEIRO ESF",out!$B$1:$B$100) -> 0 | M53: =SUMIF(nov!$A$1:$A$100,"SALGUEIRO",nov!$B$1:$B$100)+SUMIF(nov!$A$1:$A$100,"PRACA VARNHAGEM",nov!$B$1:$B$100)+SUMIF(nov!$A$1:$A$100,"RAIZES DO SALGUEIRO ESF",nov!$B$1:$B$100) -> 0 | N53: =SUMIF(dez!$A$1:$A$100,"SALGUEIRO",dez!$B$1:$B$100)+SUMIF(dez!$A$1:$A$100,"PRACA VARNHAGEM",dez!$B$1:$B$100)+SUMIF(dez!$A$1:$A$100,"RAIZES DO SALGUEIRO ESF",dez!$B$1:$B$100) -> 0 | O53: =C53+D53+E53 -> 1186 | P53: =F53+G53+H53 -> 1216 | Q53: =I53+J53+K53 -> 814 | R53: =L53+M53+N53 -> 0 | S53: =C53+D53+E53 -> 1186
B54: BARAO DE PIRASSINUNGA ESB | C54: =SUMIF(jan!$A$1:$A$94,"BARAO DE PIRASSINUNGA",jan!$B$1:$B$94)+SUMIF(jan!$A$1:$A$94,"ANTONIO BASILIO ESF",jan!$B$1:$B$94)+SUMIF(jan!$A$1:$A$94,"SANTA SOFIA",jan!$B$1:$B$94)+SUMIF(jan!$A$1:$A$94,"SAO FRANCISCO I",jan!$B$1:$B$94)+SUMIF(jan!$A$1:$A$94,"SAO FRANCISCO II",jan!$B$1:$B$94)+SUMIF(jan!$A$1:$A$94,"SAO FRANCISCO III",jan!$B$1:$B$94) -> 208 | D54: =SUMIF(fev!$A$1:$A$100,"BARAO DE PIRASSINUNGA",fev!$B$1:$B$100)+SUMIF(fev!$A$1:$A$100,"ANTONIO BASILIO ESF",fev!$B$1:$B$100)+SUMIF(fev!$A$1:$A$100,"SANTA SOFIA",fev!$B$1:$B$100)+SUMIF(fev!$A$1:$A$100,"SAO FRANCISCO I **",fev!$B$1:$B$100) -> 209 | E54: =SUMIF(mar!$A$1:$A$100,"BARAO DE PIRASSINUNGA",mar!$B$1:$B$100)+SUMIF(mar!$A$1:$A$100,"ANTONIO BASILIO ESF",mar!$B$1:$B$100)+SUMIF(mar!$A$1:$A$100,"SANTA SOFIA",mar!$B$1:$B$100)+SUMIF(mar!$A$1:$A$100,"SAO FRANCISCO I **",mar!$B$1:$B$100) -> 204 | F54: =SUMIF(abr!$A$1:$A$100,"BARAO DE PIRASSINUNGA",abr!$B$1:$B$100)+SUMIF(abr!$A$1:$A$100,"ANTONIO BASILIO ESF",abr!$B$1:$B$100)+SUMIF(abr!$A$1:$A$100,"SANTA SOFIA",abr!$B$1:$B$100)+SUMIF(abr!$A$1:$A$100,"SAO FRANCISCO I **",abr!$B$1:$B$100) -> 209 | G54: =SUMIF(mai!$A$1:$A$100,"BARAO DE PIRASSINUNGA",mai!$B$1:$B$100)+SUMIF(mai!$A$1:$A$100,"ANTONIO BASILIO ESF",mai!$B$1:$B$100)+SUMIF(mai!$A$1:$A$100,"SANTA SOFIA",mai!$B$1:$B$100)+SUMIF(mai!$A$1:$A$100,"SAO FRANCISCO I **",mai!$B$1:$B$100) -> 213 | H54: =SUMIF(jun!$A$1:$A$100,"BARAO DE PIRASSINUNGA",jun!$B$1:$B$100)+SUMIF(jun!$A$1:$A$100,"ANTONIO BASILIO ESF",jun!$B$1:$B$100)+SUMIF(jun!$A$1:$A$100,"SANTA SOFIA",jun!$B$1:$B$100)+SUMIF(jun!$A$1:$A$100,"SAO FRANCISCO I **",jun!$B$1:$B$100) -> 217 | I54: =SUMIF(jul!$A$1:$A$100,"BARAO DE PIRASSINUNGA",jul!$B$1:$B$100)+SUMIF(jul!$A$1:$A$100,"ANTONIO BASILIO ESF",jul!$B$1:$B$100)+SUMIF(jul!$A$1:$A$100,"SANTA SOFIA",jul!$B$1:$B$100)+SUMIF(jul!$A$1:$A$100,"SAO FRANCISCO I **",jul!$B$1:$B$100) -> 219 | J54: =SUMIF(ago!$A$1:$A$100,"BARAO DE PIRASSINUNGA",ago!$B$1:$B$100)+SUMIF(ago!$A$1:$A$100,"ANTONIO BASILIO ESF",ago!$B$1:$B$100)+SUMIF(ago!$A$1:$A$100,"SANTA SOFIA",ago!$B$1:$B$100)+SUMIF(ago!$A$1:$A$100,"SAO FRANCISCO I **",ago!$B$1:$B$100) -> 221 | K54: =SUMIF(set!$A$1:$A$100,"BARAO DE PIRASSINUNGA",set!$B$1:$B$100)+SUMIF(set!$A$1:$A$100,"ANTONIO BASILIO ESF",set!$B$1:$B$100)+SUMIF(set!$A$1:$A$100,"SANTA SOFIA",set!$B$1:$B$100)+SUMIF(set!$A$1:$A$100,"SAO FRANCISCO I **",set!$B$1:$B$100) -> 0 | L54: =SUMIF(out!$A$1:$A$100,"BARAO DE PIRASSINUNGA",out!$B$1:$B$100)+SUMIF(out!$A$1:$A$100,"ANTONIO BASILIO ESF",out!$B$1:$B$100)+SUMIF(out!$A$1:$A$100,"SANTA SOFIA",out!$B$1:$B$100)+SUMIF(out!$A$1:$A$100,"SAO FRANCISCO I **",out!$B$1:$B$100) -> 0 | M54: =SUMIF(nov!$A$1:$A$100,"BARAO DE PIRASSINUNGA",nov!$B$1:$B$100)+SUMIF(nov!$A$1:$A$100,"ANTONIO BASILIO ESF",nov!$B$1:$B$100)+SUMIF(nov!$A$1:$A$100,"SANTA SOFIA",nov!$B$1:$B$100)+SUMIF(nov!$A$1:$A$100,"SAO FRANCISCO I **",nov!$B$1:$B$100) -> 0 | N54: =SUMIF(dez!$A$1:$A$100,"BARAO DE PIRASSINUNGA",dez!$B$1:$B$100)+SUMIF(dez!$A$1:$A$100,"ANTONIO BASILIO ESF",dez!$B$1:$B$100)+SUMIF(dez!$A$1:$A$100,"SANTA SOFIA",dez!$B$1:$B$100)+SUMIF(dez!$A$1:$A$100,"SAO FRANCISCO I **",dez!$B$1:$B$100) -> 0 | O54: =C54+D54+E54 -> 621 | P54: =F54+G54+H54 -> 639 | Q54: =I54+J54+K54 -> 440 | R54: =L54+M54+N54 -> 0 | S54: =C54+D54+E54 -> 621
B55: CATRAMBI ESB | C55: =SUMIF(jan!$A$1:$A$94,"CATRAMBI I",jan!$B$1:$B$94)+SUMIF(jan!$A$1:$A$94,"CATRAMBI II",jan!$B$1:$B$94)+SUMIF(jan!$A$1:$A$94,"CATRAMBI III",jan!$B$1:$B$94)+SUMIF(jan!$A$1:$A$94,"PINHEIRO DA CUNHA ESF",jan!$B$1:$B$94)+SUMIF(jan!$A$1:$A$94,"ALZIRA BRANDAO",jan!$B$1:$B$94)+SUMIF(jan!$A$1:$A$94,"DONA DELFINA",jan!$B$1:$B$94) -> 200 | D55: =SUMIF(fev!$A$1:$A$100,"CATRAMBI I **",fev!$B$1:$B$100)+SUMIF(fev!$A$1:$A$100,"PINHEIRO DA CUNHA ESF",fev!$B$1:$B$100)+SUMIF(fev!$A$1:$A$100,"ALZIRA BRANDAO",fev!$B$1:$B$100)+SUMIF(fev!$A$1:$A$100,"DONA DELFINA",fev!$B$1:$B$100) -> 205 | E55: =SUMIF(mar!$A$1:$A$100,"CATRAMBI I **",mar!$B$1:$B$100)+SUMIF(mar!$A$1:$A$100,"PINHEIRO DA CUNHA ESF",mar!$B$1:$B$100)+SUMIF(mar!$A$1:$A$100,"ALZIRA BRANDAO",mar!$B$1:$B$100)+SUMIF(mar!$A$1:$A$100,"DONA DELFINA",mar!$B$1:$B$100) -> 202 | F55: =SUMIF(abr!$A$1:$A$100,"CATRAMBI I **",abr!$B$1:$B$100)+SUMIF(abr!$A$1:$A$100,"PINHEIRO DA CUNHA ESF",abr!$B$1:$B$100)+SUMIF(abr!$A$1:$A$100,"ALZIRA BRANDAO",abr!$B$1:$B$100)+SUMIF(abr!$A$1:$A$100,"DONA DELFINA",abr!$B$1:$B$100) -> 202 | G55: =SUMIF(mai!$A$1:$A$100,"CATRAMBI I **",mai!$B$1:$B$100)+SUMIF(mai!$A$1:$A$100,"PINHEIRO DA CUNHA ESF",mai!$B$1:$B$100)+SUMIF(mai!$A$1:$A$100,"ALZIRA BRANDAO",mai!$B$1:$B$100)+SUMIF(mai!$A$1:$A$100,"DONA DELFINA",mai!$B$1:$B$100) -> 194 | H55: =SUMIF(jun!$A$1:$A$100,"CATRAMBI I **",jun!$B$1:$B$100)+SUMIF(jun!$A$1:$A$100,"PINHEIRO DA CUNHA ESF",jun!$B$1:$B$100)+SUMIF(jun!$A$1:$A$100,"ALZIRA BRANDAO",jun!$B$1:$B$100)+SUMIF(jun!$A$1:$A$100,"DONA DELFINA",jun!$B$1:$B$100) -> 198 | I55: =SUMIF(jul!$A$1:$A$100,"CATRAMBI I **",jul!$B$1:$B$100)+SUMIF(jul!$A$1:$A$100,"PINHEIRO DA CUNHA ESF",jul!$B$1:$B$100)+SUMIF(jul!$A$1:$A$100,"ALZIRA BRANDAO",jul!$B$1:$B$100)+SUMIF(jul!$A$1:$A$100,"DONA DELFINA",jul!$B$1:$B$100) -> 199 | J55: =SUMIF(ago!$A$1:$A$100,"CATRAMBI I **",ago!$B$1:$B$100)+SUMIF(ago!$A$1:$A$100,"PINHEIRO DA CUNHA ESF",ago!$B$1:$B$100)+SUMIF(ago!$A$1:$A$100,"ALZIRA BRANDAO",ago!$B$1:$B$100)+SUMIF(ago!$A$1:$A$100,"DONA DELFINA",ago!$B$1:$B$100) -> 205 | K55: =SUMIF(set!$A$1:$A$100,"CATRAMBI I **",set!$B$1:$B$100)+SUMIF(set!$A$1:$A$100,"PINHEIRO DA CUNHA ESF",set!$B$1:$B$100)+SUMIF(set!$A$1:$A$100,"ALZIRA BRANDAO",set!$B$1:$B$100)+SUMIF(set!$A$1:$A$100,"DONA DELFINA",set!$B$1:$B$100) -> 0 | L55: =SUMIF(out!$A$1:$A$100,"CATRAMBI I **",out!$B$1:$B$100)+SUMIF(out!$A$1:$A$100,"PINHEIRO DA CUNHA ESF",out!$B$1:$B$100)+SUMIF(out!$A$1:$A$100,"ALZIRA BRANDAO",out!$B$1:$B$100)+SUMIF(out!$A$1:$A$100,"DONA DELFINA",out!$B$1:$B$100) -> 0 | M55: =SUMIF(nov!$A$1:$A$100,"CATRAMBI I **",nov!$B$1:$B$100)+SUMIF(nov!$A$1:$A$100,"PINHEIRO DA CUNHA ESF",nov!$B$1:$B$100)+SUMIF(nov!$A$1:$A$100,"ALZIRA BRANDAO",nov!$B$1:$B$100)+SUMIF(nov!$A$1:$A$100,"DONA DELFINA",nov!$B$1:$B$100) -> 0 | N55: =SUMIF(dez!$A$1:$A$100,"CATRAMBI I **",dez!$B$1:$B$100)+SUMIF(dez!$A$1:$A$100,"PINHEIRO DA CUNHA ESF",dez!$B$1:$B$100)+SUMIF(dez!$A$1:$A$100,"ALZIRA BRANDAO",dez!$B$1:$B$100)+SUMIF(dez!$A$1:$A$100,"DONA DELFINA",dez!$B$1:$B$100) -> 0 | O55: =C55+D55+E55 -> 607 | P55: =F55+G55+H55 -> 594 | Q55: =I55+J55+K55 -> 404 | R55: =L55+M55+N55 -> 0 | S55: =C55+D55+E55 -> 607
B56: SABOIA LIMA ESB | C56: =SUMIF(jan!$A$1:$A$94,"SABOIA LIMA I",jan!$B$1:$B$94)+SUMIF(jan!$A$1:$A$94,"SABOIA LIMA II",jan!$B$1:$B$94)+SUMIF(jan!$A$1:$A$94,"SABOIA LIMA III",jan!$B$1:$B$94)+SUMIF(jan!$A$1:$A$94,"XAVIER DE BRITO",jan!$B$1:$B$94)+SUMIF(jan!$A$1:$A$94,"MARIA AMALIA ESF",jan!$B$1:$B$94) -> 128 | D56: =SUMIF(fev!$A$1:$A$100,"SABOIA LIMA I **",fev!$B$1:$B$100)+SUMIF(fev!$A$1:$A$100,"XAVIER DE BRITO",fev!$B$1:$B$100)+SUMIF(fev!$A$1:$A$100,"MARIA AMALIA ESF",fev!$B$1:$B$100) -> 128 | E56: =SUMIF(mar!$A$1:$A$100,"SABOIA LIMA I **",mar!$B$1:$B$100)+SUMIF(mar!$A$1:$A$100,"XAVIER DE BRITO",mar!$B$1:$B$100)+SUMIF(mar!$A$1:$A$100,"MARIA AMALIA ESF",mar!$B$1:$B$100) -> 123 | F56: =SUMIF(abr!$A$1:$A$100,"SABOIA LIMA I **",abr!$B$1:$B$100)+SUMIF(abr!$A$1:$A$100,"XAVIER DE BRITO",abr!$B$1:$B$100)+SUMIF(abr!$A$1:$A$100,"MARIA AMALIA ESF",abr!$B$1:$B$100) -> 125 | G56: =SUMIF(mai!$A$1:$A$100,"SABOIA LIMA I **",mai!$B$1:$B$100)+SUMIF(mai!$A$1:$A$100,"XAVIER DE BRITO",mai!$B$1:$B$100)+SUMIF(mai!$A$1:$A$100,"MARIA AMALIA ESF",mai!$B$1:$B$100) -> 123 | H56: =SUMIF(jun!$A$1:$A$100,"SABOIA LIMA I **",jun!$B$1:$B$100)+SUMIF(jun!$A$1:$A$100,"XAVIER DE BRITO",jun!$B$1:$B$100)+SUMIF(jun!$A$1:$A$100,"MARIA AMALIA ESF",jun!$B$1:$B$100) -> 126 | I56: =SUMIF(jul!$A$1:$A$100,"SABOIA LIMA I **",jul!$B$1:$B$100)+SUMIF(jul!$A$1:$A$100,"XAVIER DE BRITO",jul!$B$1:$B$100)+SUMIF(jul!$A$1:$A$100,"MARIA AMALIA ESF",jul!$B$1:$B$100) -> 127 | J56: =SUMIF(ago!$A$1:$A$100,"SABOIA LIMA I **",ago!$B$1:$B$100)+SUMIF(ago!$A$1:$A$100,"XAVIER DE BRITO",ago!$B$1:$B$100)+SUMIF(ago!$A$1:$A$100,"MARIA AMALIA ESF",ago!$B$1:$B$100) -> 130 | K56: =SUMIF(set!$A$1:$A$100,"SABOIA LIMA I **",set!$B$1:$B$100)+SUMIF(set!$A$1:$A$100,"XAVIER DE BRITO",set!$B$1:$B$100)+SUMIF(set!$A$1:$A$100,"MARIA AMALIA ESF",set!$B$1:$B$100) -> 0 | L56: =SUMIF(out!$A$1:$A$100,"SABOIA LIMA I **",out!$B$1:$B$100)+SUMIF(out!$A$1:$A$100,"XAVIER DE BRITO",out!$B$1:$B$100)+SUMIF(out!$A$1:$A$100,"MARIA AMALIA ESF",out!$B$1:$B$100) -> 0 | M56: =SUMIF(nov!$A$1:$A$100,"SABOIA LIMA I **",nov!$B$1:$B$100)+SUMIF(nov!$A$1:$A$100,"XAVIER DE BRITO",nov!$B$1:$B$100)+SUMIF(nov!$A$1:$A$100,"MARIA AMALIA ESF",nov!$B$1:$B$100) -> 0 | N56: =SUMIF(dez!$A$1:$A$100,"SABOIA LIMA I **",dez!$B$1:$B$100)+SUMIF(dez!$A$1:$A$100,"XAVIER DE BRITO",dez!$B$1:$B$100)+SUMIF(dez!$A$1:$A$100,"MARIA AMALIA ESF",dez!$B$1:$B$100) -> 0 | O56: =C56+D56+E56 -> 379 | P56: =F56+G56+H56 -> 374 | Q56: =I56+J56+K56 -> 257 | R56: =L56+M56+N56 -> 0 | S56: =C56+D56+E56 -> 379
A57: CMS HÉLIO PELLEGRINO | B57: VILLA LOBOS ESB | C57: =SUMIF(jan!$A$1:$A$100,"VILLA LOBOS",jan!$B$1:$B$100)+SUMIF(jan!$A$1:$A$100,"AFONSO PENA",jan!$B$1:$B$100)+SUMIF(jan!$A$1:$A$100,"CAPUCHINHOS",jan!$B$1:$B$100) -> 174 | D57: =SUMIF(fev!$A$1:$A$100,"VILLA LOBOS",fev!$B$1:$B$100)+SUMIF(fev!$A$1:$A$100,"AFONSO PENA",fev!$B$1:$B$100)+SUMIF(fev!$A$1:$A$100,"CAPUCHINHOS",fev!$B$1:$B$100) -> 184 | E57: =SUMIF(mar!$A$1:$A$100,"VILLA LOBOS",mar!$B$1:$B$100)+SUMIF(mar!$A$1:$A$100,"AFONSO PENA",mar!$B$1:$B$100)+SUMIF(mar!$A$1:$A$100,"CAPUCHINHOS",mar!$B$1:$B$100) -> 190 | F57: =SUMIF(abr!$A$1:$A$100,"VILLA LOBOS",abr!$B$1:$B$100)+SUMIF(abr!$A$1:$A$100,"AFONSO PENA",abr!$B$1:$B$100)+SUMIF(abr!$A$1:$A$100,"CAPUCHINHOS",abr!$B$1:$B$100) -> 189 | G57: =SUMIF(mai!$A$1:$A$100,"VILLA LOBOS",mai!$B$1:$B$100)+SUMIF(mai!$A$1:$A$100,"AFONSO PENA",mai!$B$1:$B$100)+SUMIF(mai!$A$1:$A$100,"CAPUCHINHOS",mai!$B$1:$B$100) -> 197 | H57: =SUMIF(jun!$A$1:$A$100,"VILLA LOBOS",jun!$B$1:$B$100)+SUMIF(jun!$A$1:$A$100,"AFONSO PENA",jun!$B$1:$B$100)+SUMIF(jun!$A$1:$A$100,"CAPUCHINHOS",jun!$B$1:$B$100) -> 196 | I57: =SUMIF(jul!$A$1:$A$100,"VILLA LOBOS",jul!$B$1:$B$100)+SUMIF(jul!$A$1:$A$100,"AFONSO PENA",jul!$B$1:$B$100)+SUMIF(jul!$A$1:$A$100,"CAPUCHINHOS",jul!$B$1:$B$100) -> 203 | J57: =SUMIF(ago!$A$1:$A$100,"VILLA LOBOS",ago!$B$1:$B$100)+SUMIF(ago!$A$1:$A$100,"AFONSO PENA",ago!$B$1:$B$100)+SUMIF(ago!$A$1:$A$100,"CAPUCHINHOS",ago!$B$1:$B$100) -> 205 | K57: =SUMIF(set!$A$1:$A$100,"VILLA LOBOS",set!$B$1:$B$100)+SUMIF(set!$A$1:$A$100,"AFONSO PENA",set!$B$1:$B$100)+SUMIF(set!$A$1:$A$100,"CAPUCHINHOS",set!$B$1:$B$100) -> 0 | L57: =SUMIF(out!$A$1:$A$100,"VILLA LOBOS",out!$B$1:$B$100)+SUMIF(out!$A$1:$A$100,"AFONSO PENA",out!$B$1:$B$100)+SUMIF(out!$A$1:$A$100,"CAPUCHINHOS",out!$B$1:$B$100) -> 0 | M57: =SUMIF(nov!$A$1:$A$100,"VILLA LOBOS",nov!$B$1:$B$100)+SUMIF(nov!$A$1:$A$100,"AFONSO PENA",nov!$B$1:$B$100)+SUMIF(nov!$A$1:$A$100,"CAPUCHINHOS",nov!$B$1:$B$100) -> 0 | N57: =SUMIF(dez!$A$1:$A$100,"VILLA LOBOS",dez!$B$1:$B$100)+SUMIF(dez!$A$1:$A$100,"AFONSO PENA",dez!$B$1:$B$100)+SUMIF(dez!$A$1:$A$100,"CAPUCHINHOS",dez!$B$1:$B$100) -> 0 | O57: =C57+D57+E57 -> 548 | P57: =F57+G57+H57 -> 582 | Q57: =I57+J57+K57 -> 408 | R57: =L57+M57+N57 -> 0
B58: PRACA DA BANDEIRA ESB 1 | C58: =SUMIF(jan!$A$1:$A$100,"SENADOR FURTADO ESF",jan!$B$1:$B$100)+SUMIF(jan!$A$1:$A$100,"MARIZ E BARROS ESF",jan!$B$1:$B$100)+SUMIF(jan!$A$1:$A$100,"MARACANA",jan!$B$1:$B$100) -> 255 | D58: =SUMIF(fev!$A$1:$A$100,"SENADOR FURTADO ESF",fev!$B$1:$B$100)+SUMIF(fev!$A$1:$A$100,"MARIZ E BARROS ESF",fev!$B$1:$B$100)+SUMIF(fev!$A$1:$A$100,"MARACANA",fev!$B$1:$B$100) -> 262 | E58: =SUMIF(mar!$A$1:$A$100,"SENADOR FURTADO ESF",mar!$B$1:$B$100)+SUMIF(mar!$A$1:$A$100,"MARIZ E BARROS ESF",mar!$B$1:$B$100)+SUMIF(mar!$A$1:$A$100,"MARACANA",mar!$B$1:$B$100) -> 259 | F58: =SUMIF(abr!$A$1:$A$100,"SENADOR FURTADO ESF",abr!$B$1:$B$100)+SUMIF(abr!$A$1:$A$100,"MARIZ E BARROS ESF",abr!$B$1:$B$100)+SUMIF(abr!$A$1:$A$100,"MARACANA",abr!$B$1:$B$100) -> 259 | G58: =SUMIF(mai!$A$1:$A$100,"SENADOR FURTADO ESF",mai!$B$1:$B$100)+SUMIF(mai!$A$1:$A$100,"MARIZ E BARROS ESF",mai!$B$1:$B$100)+SUMIF(mai!$A$1:$A$100,"MARACANA",mai!$B$1:$B$100) -> 262 | H58: =SUMIF(jun!$A$1:$A$100,"SENADOR FURTADO ESF",jun!$B$1:$B$100)+SUMIF(jun!$A$1:$A$100,"MARIZ E BARROS ESF",jun!$B$1:$B$100)+SUMIF(jun!$A$1:$A$100,"MARACANA",jun!$B$1:$B$100) -> 259 | I58: =SUMIF(jul!$A$1:$A$100,"SENADOR FURTADO ESF",jul!$B$1:$B$100)+SUMIF(jul!$A$1:$A$100,"MARIZ E BARROS ESF",jul!$B$1:$B$100)+SUMIF(jul!$A$1:$A$100,"MARACANA",jul!$B$1:$B$100) -> 259 | J58: =SUMIF(ago!$A$1:$A$100,"SENADOR FURTADO ESF",ago!$B$1:$B$100)+SUMIF(ago!$A$1:$A$100,"MARIZ E BARROS ESF",ago!$B$1:$B$100)+SUMIF(ago!$A$1:$A$100,"MARACANA",ago!$B$1:$B$100) -> 271 | K58: =SUMIF(set!$A$1:$A$100,"SENADOR FURTADO ESF",set!$B$1:$B$100)+SUMIF(set!$A$1:$A$100,"MARIZ E BARROS ESF",set!$B$1:$B$100)+SUMIF(set!$A$1:$A$100,"MARACANA",set!$B$1:$B$100) -> 0 | L58: =SUMIF(out!$A$1:$A$100,"SENADOR FURTADO ESF",out!$B$1:$B$100)+SUMIF(out!$A$1:$A$100,"MARIZ E BARROS ESF",out!$B$1:$B$100)+SUMIF(out!$A$1:$A$100,"MARACANA",out!$B$1:$B$100) -> 0 | M58: =SUMIF(nov!$A$1:$A$100,"SENADOR FURTADO ESF",nov!$B$1:$B$100)+SUMIF(nov!$A$1:$A$100,"MARIZ E BARROS ESF",nov!$B$1:$B$100)+SUMIF(nov!$A$1:$A$100,"MARACANA",nov!$B$1:$B$100) -> 0 | N58: =SUMIF(dez!$A$1:$A$100,"SENADOR FURTADO ESF",dez!$B$1:$B$100)+SUMIF(dez!$A$1:$A$100,"MARIZ E BARROS ESF",dez!$B$1:$B$100)+SUMIF(dez!$A$1:$A$100,"MARACANA",dez!$B$1:$B$100) -> 0 | O58: =C58+D58+E58 -> 776 | P58: =F58+G58+H58 -> 780 | Q58: =I58+J58+K58 -> 530 | R58: =L58+M58+N58 -> 0
B59: BANDEIRA ESB | C59: =SUMIF(jan!$A$1:$A$100,"BANDEIRA I",jan!$B$1:$B$100)+SUMIF(jan!$A$1:$A$100,"BANDEIRA II",jan!$B$1:$B$100)+SUMIF(jan!$A$1:$A$100,"BANDEIRA III",jan!$B$1:$B$100)+SUMIF(jan!$A$1:$A$100,"MATOSO I",jan!$B$1:$B$100)+SUMIF(jan!$A$1:$A$100,"MATOSO II",jan!$B$1:$B$100)+SUMIF(jan!$A$1:$A$100,"MATOSO III",jan!$B$1:$B$100)+SUMIF(jan!$A$1:$A$100,"CANABARRO",jan!$B$1:$B$100) -> 234 | D59: =SUMIF(fev!$A$1:$A$100,"BANDEIRA I",fev!$B$1:$B$100)+SUMIF(fev!$A$1:$A$100,"BANDEIRA II",fev!$B$1:$B$100)+SUMIF(fev!$A$1:$A$100,"BANDEIRA III",fev!$B$1:$B$100)+SUMIF(fev!$A$1:$A$100,"MATOSO I",fev!$B$1:$B$100)+SUMIF(fev!$A$1:$A$100,"MATOSO II",fev!$B$1:$B$100)+SUMIF(fev!$A$1:$A$100,"MATOSO III",fev!$B$1:$B$100)+SUMIF(fev!$A$1:$A$100,"CANABARRO",fev!$B$1:$B$100) -> 239 | E59: =SUMIF(mar!$A$1:$A$100,"BANDEIRA I",mar!$B$1:$B$100)+SUMIF(mar!$A$1:$A$100,"BANDEIRA II",mar!$B$1:$B$100)+SUMIF(mar!$A$1:$A$100,"BANDEIRA III",mar!$B$1:$B$100)+SUMIF(mar!$A$1:$A$100,"MATOSO I",mar!$B$1:$B$100)+SUMIF(mar!$A$1:$A$100,"MATOSO II",mar!$B$1:$B$100)+SUMIF(mar!$A$1:$A$100,"MATOSO III",mar!$B$1:$B$100)+SUMIF(mar!$A$1:$A$100,"CANABARRO",mar!$B$1:$B$100) -> 241 | F59: =SUMIF(abr!$A$1:$A$100,"BANDEIRA I",abr!$B$1:$B$100)+SUMIF(abr!$A$1:$A$100,"BANDEIRA II",abr!$B$1:$B$100)+SUMIF(abr!$A$1:$A$100,"BANDEIRA III",abr!$B$1:$B$100)+SUMIF(abr!$A$1:$A$100,"MATOSO I",abr!$B$1:$B$100)+SUMIF(abr!$A$1:$A$100,"MATOSO II",abr!$B$1:$B$100)+SUMIF(abr!$A$1:$A$100,"MATOSO III",abr!$B$1:$B$100)+SUMIF(abr!$A$1:$A$100,"CANABARRO",abr!$B$1:$B$100) -> 242 | G59: =SUMIF(mai!$A$1:$A$100,"BANDEIRA I",mai!$B$1:$B$100)+SUMIF(mai!$A$1:$A$100,"BANDEIRA II",mai!$B$1:$B$100)+SUMIF(mai!$A$1:$A$100,"BANDEIRA III",mai!$B$1:$B$100)+SUMIF(mai!$A$1:$A$100,"MATOSO I",mai!$B$1:$B$100)+SUMIF(mai!$A$1:$A$100,"MATOSO II",mai!$B$1:$B$100)+SUMIF(mai!$A$1:$A$100,"MATOSO III",mai!$B$1:$B$100)+SUMIF(mai!$A$1:$A$100,"CANABARRO",mai!$B$1:$B$100) -> 241 | H59: =SUMIF(jun!$A$1:$A$100,"BANDEIRA I",jun!$B$1:$B$100)+SUMIF(jun!$A$1:$A$100,"BANDEIRA II",jun!$B$1:$B$100)+SUMIF(jun!$A$1:$A$100,"BANDEIRA III",jun!$B$1:$B$100)+SUMIF(jun!$A$1:$A$100,"MATOSO I",jun!$B$1:$B$100)+SUMIF(jun!$A$1:$A$100,"MATOSO II",jun!$B$1:$B$100)+SUMIF(jun!$A$1:$A$100,"MATOSO III",jun!$B$1:$B$100)+SUMIF(jun!$A$1:$A$100,"CANABARRO",jun!$B$1:$B$100) -> 237 | I59: =SUMIF(jul!$A$1:$A$100,"BANDEIRA I",jul!$B$1:$B$100)+SUMIF(jul!$A$1:$A$100,"BANDEIRA II",jul!$B$1:$B$100)+SUMIF(jul!$A$1:$A$100,"BANDEIRA III",jul!$B$1:$B$100)+SUMIF(jul!$A$1:$A$100,"MATOSO I",jul!$B$1:$B$100)+SUMIF(jul!$A$1:$A$100,"MATOSO II",jul!$B$1:$B$100)+SUMIF(jul!$A$1:$A$100,"MATOSO III",jul!$B$1:$B$100)+SUMIF(jul!$A$1:$A$100,"CANABARRO",jul!$B$1:$B$100) -> 225 | J59: =SUMIF(ago!$A$1:$A$100,"BANDEIRA I",ago!$B$1:$B$100)+SUMIF(ago!$A$1:$A$100,"BANDEIRA II",ago!$B$1:$B$100)+SUMIF(ago!$A$1:$A$100,"BANDEIRA III",ago!$B$1:$B$100)+SUMIF(ago!$A$1:$A$100,"MATOSO I",ago!$B$1:$B$100)+SUMIF(ago!$A$1:$A$100,"MATOSO II",ago!$B$1:$B$100)+SUMIF(ago!$A$1:$A$100,"MATOSO III",ago!$B$1:$B$100)+SUMIF(ago!$A$1:$A$100,"CANABARRO",ago!$B$1:$B$100) -> 214 | K59: =SUMIF(set!$A$1:$A$100,"BANDEIRA I",set!$B$1:$B$100)+SUMIF(set!$A$1:$A$100,"BANDEIRA II",set!$B$1:$B$100)+SUMIF(set!$A$1:$A$100,"BANDEIRA III",set!$B$1:$B$100)+SUMIF(set!$A$1:$A$100,"MATOSO I",set!$B$1:$B$100)+SUMIF(set!$A$1:$A$100,"MATOSO II",set!$B$1:$B$100)+SUMIF(set!$A$1:$A$100,"MATOSO III",set!$B$1:$B$100)+SUMIF(set!$A$1:$A$100,"CANABARRO",set!$B$1:$B$100) -> 0 | L59: =SUMIF(out!$A$1:$A$100,"BANDEIRA I",out!$B$1:$B$100)+SUMIF(out!$A$1:$A$100,"BANDEIRA II",out!$B$1:$B$100)+SUMIF(out!$A$1:$A$100,"BANDEIRA III",out!$B$1:$B$100)+SUMIF(out!$A$1:$A$100,"MATOSO I",out!$B$1:$B$100)+SUMIF(out!$A$1:$A$100,"MATOSO II",out!$B$1:$B$100)+SUMIF(out!$A$1:$A$100,"MATOSO III",out!$B$1:$B$100)+SUMIF(out!$A$1:$A$100,"CANABARRO",out!$B$1:$B$100) -> 0 | M59: =SUMIF(nov!$A$1:$A$100,"BANDEIRA I",nov!$B$1:$B$100)+SUMIF(nov!$A$1:$A$100,"BANDEIRA II",nov!$B$1:$B$100)+SUMIF(nov!$A$1:$A$100,"BANDEIRA III",nov!$B$1:$B$100)+SUMIF(nov!$A$1:$A$100,"MATOSO I",nov!$B$1:$B$100)+SUMIF(nov!$A$1:$A$100,"MATOSO II",nov!$B$1:$B$100)+SUMIF(nov!$A$1:$A$100,"MATOSO III",nov!$B$1:$B$100)+SUMIF(nov!$A$1:$A$100,"CANABARRO",nov!$B$1:$B$100) -> 0 | N59: =SUMIF(dez!$A$1:$A$100,"BANDEIRA I",dez!$B$1:$B$100)+SUMIF(dez!$A$1:$A$100,"BANDEIRA II",dez!$B$1:$B$100)+SUMIF(dez!$A$1:$A$100,"BANDEIRA III",dez!$B$1:$B$100)+SUMIF(dez!$A$1:$A$100,"MATOSO I",dez!$B$1:$B$100)+SUMIF(dez!$A$1:$A$100,"MATOSO II",dez!$B$1:$B$100)+SUMIF(dez!$A$1:$A$100,"MATOSO III",dez!$B$1:$B$100)+SUMIF(dez!$A$1:$A$100,"CANABARRO",dez!$B$1:$B$100) -> 0 | O59: =C59+D59+E59 -> 714 | P59: =F59+G59+H59 -> 720 | Q59: =I59+J59+K59 -> 439 | R59: =L59+M59+N59 -> 0
A60: CMS MARIA AUGUSTA ESTRELLA | B60: SENADOR ESB | C60: =SUMIF(jan!$A$1:$A$100,"SENADOR",jan!$B$1:$B$100)+SUMIF(jan!$A$1:$A$100,"BARAO DE COTEGIPE",jan!$B$1:$B$100)+SUMIF(jan!$A$1:$A$100,"PETROCOCHINO",jan!$B$1:$B$100)+SUMIF(jan!$A$1:$A$100,"SANTA ISABEL",jan!$B$1:$B$100) -> 236 | D60: =SUMIF(fev!$A$1:$A$100,"SENADOR",fev!$B$1:$B$100)+SUMIF(fev!$A$1:$A$100,"BARAO DE COTEGIPE",fev!$B$1:$B$100)+SUMIF(fev!$A$1:$A$100,"PETROCOCHINO",fev!$B$1:$B$100)+SUMIF(fev!$A$1:$A$100,"SANTA ISABEL",fev!$B$1:$B$100) -> 234 | E60: =SUMIF(mar!$A$1:$A$100,"SENADOR",mar!$B$1:$B$100)+SUMIF(mar!$A$1:$A$100,"BARAO DE COTEGIPE",mar!$B$1:$B$100)+SUMIF(mar!$A$1:$A$100,"PETROCOCHINO",mar!$B$1:$B$100)+SUMIF(mar!$A$1:$A$100,"SANTA ISABEL",mar!$B$1:$B$100) -> 236 | F60: =SUMIF(abr!$A$1:$A$100,"SENADOR",abr!$B$1:$B$100)+SUMIF(abr!$A$1:$A$100,"BARAO DE COTEGIPE",abr!$B$1:$B$100)+SUMIF(abr!$A$1:$A$100,"PETROCOCHINO",abr!$B$1:$B$100)+SUMIF(abr!$A$1:$A$100,"SANTA ISABEL",abr!$B$1:$B$100) -> 240 | G60: =SUMIF(mai!$A$1:$A$100,"SENADOR",mai!$B$1:$B$100)+SUMIF(mai!$A$1:$A$100,"BARAO DE COTEGIPE",mai!$B$1:$B$100)+SUMIF(mai!$A$1:$A$100,"PETROCOCHINO",mai!$B$1:$B$100)+SUMIF(mai!$A$1:$A$100,"SANTA ISABEL",mai!$B$1:$B$100) -> 247 | H60: =SUMIF(jun!$A$1:$A$100,"SENADOR",jun!$B$1:$B$100)+SUMIF(jun!$A$1:$A$100,"BARAO DE COTEGIPE",jun!$B$1:$B$100)+SUMIF(jun!$A$1:$A$100,"PETROCOCHINO",jun!$B$1:$B$100)+SUMIF(jun!$A$1:$A$100,"SANTA ISABEL",jun!$B$1:$B$100) -> 257 | I60: =SUMIF(jul!$A$1:$A$100,"SENADOR",jul!$B$1:$B$100)+SUMIF(jul!$A$1:$A$100,"BARAO DE COTEGIPE",jul!$B$1:$B$100)+SUMIF(jul!$A$1:$A$100,"PETROCOCHINO",jul!$B$1:$B$100)+SUMIF(jul!$A$1:$A$100,"SANTA ISABEL",jul!$B$1:$B$100) -> 274 | J60: =SUMIF(ago!$A$1:$A$100,"SENADOR",ago!$B$1:$B$100)+SUMIF(ago!$A$1:$A$100,"BARAO DE COTEGIPE",ago!$B$1:$B$100)+SUMIF(ago!$A$1:$A$100,"PETROCOCHINO",ago!$B$1:$B$100)+SUMIF(ago!$A$1:$A$100,"SANTA ISABEL",ago!$B$1:$B$100) -> 281 | K60: =SUMIF(set!$A$1:$A$100,"SENADOR",set!$B$1:$B$100)+SUMIF(set!$A$1:$A$100,"BARAO DE COTEGIPE",set!$B$1:$B$100)+SUMIF(set!$A$1:$A$100,"PETROCOCHINO",set!$B$1:$B$100)+SUMIF(set!$A$1:$A$100,"SANTA ISABEL",set!$B$1:$B$100) -> 0 | L60: =SUMIF(out!$A$1:$A$100,"SENADOR",out!$B$1:$B$100)+SUMIF(out!$A$1:$A$100,"BARAO DE COTEGIPE",out!$B$1:$B$100)+SUMIF(out!$A$1:$A$100,"PETROCOCHINO",out!$B$1:$B$100)+SUMIF(out!$A$1:$A$100,"SANTA ISABEL",out!$B$1:$B$100) -> 0 | M60: =SUMIF(nov!$A$1:$A$100,"SENADOR",nov!$B$1:$B$100)+SUMIF(nov!$A$1:$A$100,"BARAO DE COTEGIPE",nov!$B$1:$B$100)+SUMIF(nov!$A$1:$A$100,"PETROCOCHINO",nov!$B$1:$B$100)+SUMIF(nov!$A$1:$A$100,"SANTA ISABEL",nov!$B$1:$B$100) -> 0 | N60: =SUMIF(dez!$A$1:$A$100,"SENADOR",dez!$B$1:$B$100)+SUMIF(dez!$A$1:$A$100,"BARAO DE COTEGIPE",dez!$B$1:$B$100)+SUMIF(dez!$A$1:$A$100,"PETROCOCHINO",dez!$B$1:$B$100)+SUMIF(dez!$A$1:$A$100,"SANTA ISABEL",dez!$B$1:$B$100) -> 0 | O60: =C60+D60+E60 -> 706 | P60: =F60+G60+H60 -> 744 | Q60: =I60+J60+K60 -> 555 | R60: =L60+M60+N60 -> 0
B61: MIGUEL PEDRO ESB | C61: =SUMIF(jan!$A$1:$A$100,"MIGUEL PEDRO",jan!$B$1:$B$100)+SUMIF(jan!$A$1:$A$100,"MANOEL DE ABREU",jan!$B$1:$B$100)+SUMIF(jan!$A$1:$A$100,"VILA OPERARIA ESF",jan!$B$1:$B$100) -> 220 | D61: =SUMIF(fev!$A$1:$A$100,"MIGUEL PEDRO",fev!$B$1:$B$100)+SUMIF(fev!$A$1:$A$100,"MANOEL DE ABREU",fev!$B$1:$B$100)+SUMIF(fev!$A$1:$A$100,"VILA OPERARIA ESF",fev!$B$1:$B$100) -> 220 | E61: =SUMIF(mar!$A$1:$A$100,"MIGUEL PEDRO",mar!$B$1:$B$100)+SUMIF(mar!$A$1:$A$100,"MANOEL DE ABREU",mar!$B$1:$B$100)+SUMIF(mar!$A$1:$A$100,"VILA OPERARIA ESF",mar!$B$1:$B$100) -> 217 | F61: =SUMIF(abr!$A$1:$A$100,"MIGUEL PEDRO",abr!$B$1:$B$100)+SUMIF(abr!$A$1:$A$100,"MANOEL DE ABREU",abr!$B$1:$B$100)+SUMIF(abr!$A$1:$A$100,"VILA OPERARIA ESF",abr!$B$1:$B$100) -> 218 | G61: =SUMIF(mai!$A$1:$A$100,"MIGUEL PEDRO",mai!$B$1:$B$100)+SUMIF(mai!$A$1:$A$100,"MANOEL DE ABREU",mai!$B$1:$B$100)+SUMIF(mai!$A$1:$A$100,"VILA OPERARIA ESF",mai!$B$1:$B$100) -> 221 | H61: =SUMIF(jun!$A$1:$A$100,"MIGUEL PEDRO",jun!$B$1:$B$100)+SUMIF(jun!$A$1:$A$100,"MANOEL DE ABREU",jun!$B$1:$B$100)+SUMIF(jun!$A$1:$A$100,"VILA OPERARIA ESF",jun!$B$1:$B$100) -> 224 | I61: =SUMIF(jul!$A$1:$A$100,"MIGUEL PEDRO",jul!$B$1:$B$100)+SUMIF(jul!$A$1:$A$100,"MANOEL DE ABREU",jul!$B$1:$B$100)+SUMIF(jul!$A$1:$A$100,"VILA OPERARIA ESF",jul!$B$1:$B$100) -> 236 | J61: =SUMIF(ago!$A$1:$A$100,"MIGUEL PEDRO",ago!$B$1:$B$100)+SUMIF(ago!$A$1:$A$100,"MANOEL DE ABREU",ago!$B$1:$B$100)+SUMIF(ago!$A$1:$A$100,"VILA OPERARIA ESF",ago!$B$1:$B$100) -> 248 | K61: =SUMIF(set!$A$1:$A$100,"MIGUEL PEDRO",set!$B$1:$B$100)+SUMIF(set!$A$1:$A$100,"MANOEL DE ABREU",set!$B$1:$B$100)+SUMIF(set!$A$1:$A$100,"VILA OPERARIA ESF",set!$B$1:$B$100) -> 0 | L61: =SUMIF(out!$A$1:$A$100,"MIGUEL PEDRO",out!$B$1:$B$100)+SUMIF(out!$A$1:$A$100,"MANOEL DE ABREU",out!$B$1:$B$100)+SUMIF(out!$A$1:$A$100,"VILA OPERARIA ESF",out!$B$1:$B$100) -> 0 | M61: =SUMIF(nov!$A$1:$A$100,"MIGUEL PEDRO",nov!$B$1:$B$100)+SUMIF(nov!$A$1:$A$100,"MANOEL DE ABREU",nov!$B$1:$B$100)+SUMIF(nov!$A$1:$A$100,"VILA OPERARIA ESF",nov!$B$1:$B$100) -> 0 | N61: =SUMIF(dez!$A$1:$A$100,"MIGUEL PEDRO",dez!$B$1:$B$100)+SUMIF(dez!$A$1:$A$100,"MANOEL DE ABREU",dez!$B$1:$B$100)+SUMIF(dez!$A$1:$A$100,"VILA OPERARIA ESF",dez!$B$1:$B$100) -> 0 | O61: =C61+D61+E61 -> 657 | P61: =F61+G61+H61 -> 663 | Q61: =I61+J61+K61 -> 484 | R61: =L61+M61+N61 -> 0
B62: CONSELHEIRO ESB | C62: =SUMIF(jan!$A$1:$A$100,"CONSELHEIRO",jan!$B$1:$B$100)+SUMIF(jan!$A$1:$A$100,"SOUZA FRANCO",jan!$B$1:$B$100)+SUMIF(jan!$A$1:$A$100,"VIA LACTEA",jan!$B$1:$B$100) -> 208 | D62: =SUMIF(fev!$A$1:$A$100,"CONSELHEIRO",fev!$B$1:$B$100)+SUMIF(fev!$A$1:$A$100,"SOUZA FRANCO",fev!$B$1:$B$100)+SUMIF(fev!$A$1:$A$100,"VIA LACTEA",fev!$B$1:$B$100) -> 210 | E62: =SUMIF(mar!$A$1:$A$100,"CONSELHEIRO",mar!$B$1:$B$100)+SUMIF(mar!$A$1:$A$100,"SOUZA FRANCO",mar!$B$1:$B$100)+SUMIF(mar!$A$1:$A$100,"VIA LACTEA",mar!$B$1:$B$100) -> 222 | F62: =SUMIF(abr!$A$1:$A$100,"CONSELHEIRO",abr!$B$1:$B$100)+SUMIF(abr!$A$1:$A$100,"SOUZA FRANCO",abr!$B$1:$B$100)+SUMIF(abr!$A$1:$A$100,"VIA LACTEA",abr!$B$1:$B$100) -> 228 | G62: =SUMIF(mai!$A$1:$A$100,"CONSELHEIRO",mai!$B$1:$B$100)+SUMIF(mai!$A$1:$A$100,"SOUZA FRANCO",mai!$B$1:$B$100)+SUMIF(mai!$A$1:$A$100,"VIA LACTEA",mai!$B$1:$B$100) -> 236 | H62: =SUMIF(jun!$A$1:$A$100,"CONSELHEIRO",jun!$B$1:$B$100)+SUMIF(jun!$A$1:$A$100,"SOUZA FRANCO",jun!$B$1:$B$100)+SUMIF(jun!$A$1:$A$100,"VIA LACTEA",jun!$B$1:$B$100) -> 243 | I62: =SUMIF(jul!$A$1:$A$100,"CONSELHEIRO",jul!$B$1:$B$100)+SUMIF(jul!$A$1:$A$100,"SOUZA FRANCO",jul!$B$1:$B$100)+SUMIF(jul!$A$1:$A$100,"VIA LACTEA",jul!$B$1:$B$100) -> 258 | J62: =SUMIF(ago!$A$1:$A$100,"CONSELHEIRO",ago!$B$1:$B$100)+SUMIF(ago!$A$1:$A$100,"SOUZA FRANCO",ago!$B$1:$B$100)+SUMIF(ago!$A$1:$A$100,"VIA LACTEA",ago!$B$1:$B$100) -> 268 | K62: =SUMIF(set!$A$1:$A$100,"CONSELHEIRO",set!$B$1:$B$100)+SUMIF(set!$A$1:$A$100,"SOUZA FRANCO",set!$B$1:$B$100)+SUMIF(set!$A$1:$A$100,"VIA LACTEA",set!$B$1:$B$100) -> 0 | L62: =SUMIF(out!$A$1:$A$100,"CONSELHEIRO",out!$B$1:$B$100)+SUMIF(out!$A$1:$A$100,"SOUZA FRANCO",out!$B$1:$B$100)+SUMIF(out!$A$1:$A$100,"VIA LACTEA",out!$B$1:$B$100) -> 0 | M62: =SUMIF(nov!$A$1:$A$100,"CONSELHEIRO",nov!$B$1:$B$100)+SUMIF(nov!$A$1:$A$100,"SOUZA FRANCO",nov!$B$1:$B$100)+SUMIF(nov!$A$1:$A$100,"VIA LACTEA",nov!$B$1:$B$100) -> 0 | N62: =SUMIF(dez!$A$1:$A$100,"CONSELHEIRO",dez!$B$1:$B$100)+SUMIF(dez!$A$1:$A$100,"SOUZA FRANCO",dez!$B$1:$B$100)+SUMIF(dez!$A$1:$A$100,"VIA LACTEA",dez!$B$1:$B$100) -> 0 | O62: =C62+D62+E62 -> 640 | P62: =F62+G62+H62 -> 707 | Q62: =I62+J62+K62 -> 526 | R62: =L62+M62+N62 -> 0
A63: CMS NICOLA ALBANO | B63: BOA VISTA ESB | C63: =SUMIF(jan!$A$1:$A$100,"BOA VISTA",jan!$B$1:$B$100)+SUMIF(jan!$A$1:$A$100,"FLORESTA DA TIJUCA",jan!$B$1:$B$100)+SUMIF(jan!$A$1:$A$100,"CACHOEIRA",jan!$B$1:$B$100) -> 344 | D63: =SUMIF(fev!$A$1:$A$100,"BOA VISTA",fev!$B$1:$B$100)+SUMIF(fev!$A$1:$A$100,"FLORESTA DA TIJUCA",fev!$B$1:$B$100)+SUMIF(fev!$A$1:$A$100,"CACHOEIRA",fev!$B$1:$B$100) -> 341 | E63: =SUMIF(mar!$A$1:$A$100,"BOA VISTA",mar!$B$1:$B$100)+SUMIF(mar!$A$1:$A$100,"FLORESTA DA TIJUCA",mar!$B$1:$B$100)+SUMIF(mar!$A$1:$A$100,"CACHOEIRA",mar!$B$1:$B$100) -> 343 | F63: =SUMIF(abr!$A$1:$A$100,"BOA VISTA",abr!$B$1:$B$100)+SUMIF(abr!$A$1:$A$100,"FLORESTA DA TIJUCA",abr!$B$1:$B$100)+SUMIF(abr!$A$1:$A$100,"CACHOEIRA",abr!$B$1:$B$100) -> 341 | G63: =SUMIF(mai!$A$1:$A$100,"BOA VISTA",mai!$B$1:$B$100)+SUMIF(mai!$A$1:$A$100,"FLORESTA DA TIJUCA",mai!$B$1:$B$100)+SUMIF(mai!$A$1:$A$100,"CACHOEIRA",mai!$B$1:$B$100) -> 355 | H63: =SUMIF(jun!$A$1:$A$100,"BOA VISTA",jun!$B$1:$B$100)+SUMIF(jun!$A$1:$A$100,"FLORESTA DA TIJUCA",jun!$B$1:$B$100)+SUMIF(jun!$A$1:$A$100,"CACHOEIRA",jun!$B$1:$B$100) -> 340 | I63: =SUMIF(jul!$A$1:$A$100,"BOA VISTA",jul!$B$1:$B$100)+SUMIF(jul!$A$1:$A$100,"FLORESTA DA TIJUCA",jul!$B$1:$B$100)+SUMIF(jul!$A$1:$A$100,"CACHOEIRA",jul!$B$1:$B$100) -> 353 | J63: =SUMIF(ago!$A$1:$A$100,"BOA VISTA",ago!$B$1:$B$100)+SUMIF(ago!$A$1:$A$100,"FLORESTA DA TIJUCA",ago!$B$1:$B$100)+SUMIF(ago!$A$1:$A$100,"CACHOEIRA",ago!$B$1:$B$100) -> 353 | K63: =SUMIF(set!$A$1:$A$100,"BOA VISTA",set!$B$1:$B$100)+SUMIF(set!$A$1:$A$100,"FLORESTA DA TIJUCA",set!$B$1:$B$100)+SUMIF(set!$A$1:$A$100,"CACHOEIRA",set!$B$1:$B$100) -> 0 | L63: =SUMIF(out!$A$1:$A$100,"BOA VISTA",out!$B$1:$B$100)+SUMIF(out!$A$1:$A$100,"FLORESTA DA TIJUCA",out!$B$1:$B$100)+SUMIF(out!$A$1:$A$100,"CACHOEIRA",out!$B$1:$B$100) -> 0 | M63: =SUMIF(nov!$A$1:$A$100,"BOA VISTA",nov!$B$1:$B$100)+SUMIF(nov!$A$1:$A$100,"FLORESTA DA TIJUCA",nov!$B$1:$B$100)+SUMIF(nov!$A$1:$A$100,"CACHOEIRA",nov!$B$1:$B$100) -> 0 | N63: =SUMIF(dez!$A$1:$A$100,"BOA VISTA",dez!$B$1:$B$100)+SUMIF(dez!$A$1:$A$100,"FLORESTA DA TIJUCA",dez!$B$1:$B$100)+SUMIF(dez!$A$1:$A$100,"CACHOEIRA",dez!$B$1:$B$100) -> 0 | O63: =C63+D63+E63 -> 1028 | P63: =F63+G63+H63 -> 1036 | Q63: =I63+J63+K63 -> 706 | R63: =L63+M63+N63 -> 0
A64: CMS NILZA ROSA | B64: RAIA ESB | C64: =SUMIF(jan!$A$1:$A$100,"RAIA",jan!$B$1:$B$100)+SUMIF(jan!$A$1:$A$100,"CASCATA",jan!$B$1:$B$100) -> 196 | D64: =SUMIF(fev!$A$1:$A$100,"RAIA",fev!$B$1:$B$100)+SUMIF(fev!$A$1:$A$100,"CASCATA",fev!$B$1:$B$100) -> 196 | E64: =SUMIF(mar!$A$1:$A$100,"RAIA",mar!$B$1:$B$100)+SUMIF(mar!$A$1:$A$100,"CASCATA",mar!$B$1:$B$100) -> 197 | F64: =SUMIF(abr!$A$1:$A$100,"RAIA",abr!$B$1:$B$100)+SUMIF(abr!$A$1:$A$100,"CASCATA",abr!$B$1:$B$100) -> 196 | G64: =SUMIF(mai!$A$1:$A$100,"RAIA",mai!$B$1:$B$100)+SUMIF(mai!$A$1:$A$100,"CASCATA",mai!$B$1:$B$100) -> 191 | H64: =SUMIF(jun!$A$1:$A$100,"RAIA",jun!$B$1:$B$100)+SUMIF(jun!$A$1:$A$100,"CASCATA",jun!$B$1:$B$100) -> 189 | I64: =SUMIF(jul!$A$1:$A$100,"RAIA",jul!$B$1:$B$100)+SUMIF(jul!$A$1:$A$100,"CASCATA",jul!$B$1:$B$100) -> 188 | J64: =SUMIF(ago!$A$1:$A$100,"RAIA",ago!$B$1:$B$100)+SUMIF(ago!$A$1:$A$100,"CASCATA",ago!$B$1:$B$100) -> 182 | K64: =SUMIF(set!$A$1:$A$100,"RAIA",set!$B$1:$B$100)+SUMIF(set!$A$1:$A$100,"CASCATA",set!$B$1:$B$100) -> 0 | L64: =SUMIF(out!$A$1:$A$100,"RAIA",out!$B$1:$B$100)+SUMIF(out!$A$1:$A$100,"CASCATA",out!$B$1:$B$100) -> 0 | M64: =SUMIF(nov!$A$1:$A$100,"RAIA",nov!$B$1:$B$100)+SUMIF(nov!$A$1:$A$100,"CASCATA",nov!$B$1:$B$100) -> 0 | N64: =SUMIF(dez!$A$1:$A$100,"RAIA",dez!$B$1:$B$100)+SUMIF(dez!$A$1:$A$100,"CASCATA",dez!$B$1:$B$100) -> 0 | O64: =C64+D64+E64 -> 589 | P64: =F64+G64+H64 -> 576 | Q64: =I64+J64+K64 -> 370 | R64: =L64+M64+N64 -> 0
A65: CAP 2.2 | C65: =SUMIF(jan!$A$1:$A$100,"*AP 22",jan!$B$1:$B$100) -> 4179 | D65: =SUMIF(fev!$A$1:$A$100,"*AP 22",fev!$B$1:$B$100) -> 4233 | E65: =SUMIF(mar!$A$1:$A$100,"*AP 22",mar!$B$1:$B$100) -> 4333 | F65: =SUMIF(abr!$A$1:$A$100,"*AP 22",abr!$B$1:$B$100) -> 4366 | G65: =SUMIF(mai!$A$1:$A$100,"*AP 22",mai!$B$1:$B$100) -> 4472 | H65: =SUMIF(jun!$A$1:$A$100,"*AP 22",jun!$B$1:$B$100) -> 4458 | I65: =SUMIF(jul!$A$1:$A$100,"*AP 22",jul!$B$1:$B$100) -> 4516 | J65: =SUMIF(ago!$A$1:$A$100,"*AP 22",ago!$B$1:$B$100) -> 4591 | K65: =SUMIF(set!$A$1:$A$100,"*AP 22",set!$B$1:$B$100) -> 0 | L65: =SUMIF(out!$A$1:$A$100,"*AP 22",out!$B$1:$B$100) -> 0 | M65: =SUMIF(nov!$A$1:$A$100,"*AP 22",nov!$B$1:$B$100) -> 0 | N65: =SUMIF(dez!$A$1:$A$100,"*AP 22",dez!$B$1:$B$100) -> 0 | O65: =C65+D65+E65 -> 12745 | P65: =F65+G65+H65 -> 13296 | Q65: =I65+J65+K65 -> 9107 | R65: =L65+M65+N65 -> 0
C66: =SUM(C44:C64) -> 4179 | D66: =SUM(D44:D64) -> 4233 | E66: =SUM(E44:E64) -> 4333 | F66: =SUM(F44:F64) -> 4366 | G66: =SUM(G44:G64) -> 4472 | H66: =SUM(H44:H64) -> 4458 | I66: =SUM(I44:I64) -> 4516 | J66: =SUM(J44:J64) -> 4591 | ... N66: =SUM(N44:N64) -> 0
A67: INDICADOR POR EQUIPE
B68: Proporção de gestantes com atendimento odontológico realizado nos últimos 12 meses por equipe
B69: UNIDADE | D69: JAN | E69: FEV | F69: MAR | G69: ABR | H69: MAI | I69: JUN | J69: JUL | K69: AGO | L69: SET | M69: OUT | N69: NOV | O69: DEZ | P69: 1 trim | Q69: 2 trim | R69: 3 trim | S69: 4 trim
B70: CF ODALEA FIRMO DUTRA | C70: ADOLFO CAMINHA ESB | D70: =IF(C44=0,"-",C18/C44) -> 0.18421053 | E70: =IF(D44=0,"-",D18/D44) -> 0.20512821 | F70: =IF(E44=0,"-",E18/E44) -> 0.13986014 | G70: =IF(F44=0,"-",F18/F44) -> 0.15384615 | H70: =IF(G44=0,"-",G18/G44) -> 0.15458937 | I70: =IF(H44=0,"-",H18/H44) -> 0.20805369 | J70: =IF(I44=0,"-",I18/I44) -> 0.27329193 | K70: =IF(J44=0,"-",J18/J44) -> 0.29341317 | ... S70: =IF(R44=0,"-",R18/R44) -> -
C71: SANTO ESTEVAO ESB | D71: =IF(C45=0,"-",C19/C45) -> 0.47887324 | E71: =IF(D45=0,"-",D19/D45) -> 0.48251748 | F71: =IF(E45=0,"-",E19/E45) -> 0.47590361 | G71: =IF(F45=0,"-",F19/F45) -> 0.47272727 | H71: =IF(G45=0,"-",G19/G45) -> 0.36196319 | I71: =IF(H45=0,"-",H19/H45) -> 0.28823529 | J71: =IF(I45=0,"-",I19/I45) -> 0.30538922 | K71: =IF(J45=0,"-",J19/J45) -> 0.24705882 | ... S71: =IF(R45=0,"-",R19/R45) -> -
C72: ARAXA ESB | D72: =IF(C46=0,"-",C20/C46) -> 0.3 | E72: =IF(D46=0,"-",D20/D46) -> 0.3203125 | F72: =IF(E46=0,"-",E20/E46) -> 0.27777778 | G72: =IF(F46=0,"-",F20/F46) -> 0.2578125 | H72: =IF(G46=0,"-",G20/G46) -> 0.27205882 | I72: =IF(H46=0,"-",H20/H46) -> 0.27142857 | J72: =IF(I46=0,"-",I20/I46) -> 0.26470588 | K72: =IF(J46=0,"-",J20/J46) -> 0.25362319 | ... S72: =IF(R46=0,"-",R20/R46) -> -
C73: FURNAS ESB | D73: =IF(C47=0,"-",C21/C47) -> 0.23577236 | E73: =IF(D47=0,"-",D21/D47) -> 0.23387097 | F73: =IF(E47=0,"-",E21/E47) -> 0.23140496 | G73: =IF(F47=0,"-",F21/F47) -> 0.23728814 | H73: =IF(G47=0,"-",G21/G47) -> 0.225 | I73: =IF(H47=0,"-",H21/H47) -> 0.19047619 | J73: =IF(I47=0,"-",I21/I47) -> 0.18181818 | K73: =IF(J47=0,"-",J21/J47) -> 0.18705036 | ... S73: =IF(R47=0,"-",R21/R47) -> -
B74: CF RECANTO DO TROVADOR 1939513 + 1939440 +( 2263874 ) | C74: POPULAR ESB | D74: =IF(C48=0,"-",C22/C48) -> 0.25882353 | E74: =IF(D48=0,"-",D22/D48) -> 0.26900585 | F74: =IF(E48=0,"-",E22/E48) -> 0.31213873 | G74: =IF(F48=0,"-",F22/F48) -> 0.31791908 | H74: =IF(G48=0,"-",G22/G48) -> 0.34636872 | I74: =IF(H48=0,"-",H22/H48) -> 0.37222222 | J74: =IF(I48=0,"-",I22/I48) -> 0.36158192 | K74: =IF(J48=0,"-",J22/J48) -> 0.36702128 | ... S74: =IF(R48=0,"-",R22/R48) -> -
C75: MARTINHO DA VILA ESB | D75: =IF(C49=0,"-",C23/C49) -> 0.29113924 | E75: =IF(D49=0,"-",D23/D49) -> 0.28313253 | F75: =IF(E49=0,"-",E23/E49) -> 0.24096386 | G75: =IF(F49=0,"-",F23/F49) -> 0.25294118 | H75: =IF(G49=0,"-",G23/G49) -> 0.26829268 | I75: =IF(H49=0,"-",H23/H49) -> 0.29166667 | J75: =IF(I49=0,"-",I23/I49) -> 0.27439024 | K75: =IF(J49=0,"-",J23/J49) -> 0.26506024 | ... S75: =IF(R49=0,"-",R23/R49) -> -
B76: CMS CARLOS FIGUEIREDO FILHO 2274035 + 1939416 + ladeira | C76: TERREIRAO ESB | D76: =IF(C50=0,"-",C24/C50) -> 0.31648936 | E76: =IF(D50=0,"-",D24/D50) -> 0.29639175 | F76: =IF(E50=0,"-",E24/E50) -> 0.30769231 | G76: =IF(F50=0,"-",F24/F50) -> 0.29367089 | H76: =IF(G50=0,"-",G24/G50) -> 0.2893401 | I76: =IF(H50=0,"-",H24/H50) -> 0.30456853 | J76: =IF(I50=0,"-",I24/I50) -> 0.30548303 | K76: =IF(J50=0,"-",J24/J50) -> 0.31632653 | ... S76: =IF(R50=0,"-",R24/R50) -> -
C77: SEMENTE ESB | D77: =IF(C51=0,"-",C25/C51) -> 0.32572614 | E77: =IF(D51=0,"-",D25/D51) -> 0.32730924 | F77: =IF(E51=0,"-",E25/E51) -> 0.32677165 | G77: =IF(F51=0,"-",F25/F51) -> 0.32876712 | H77: =IF(G51=0,"-",G25/G51) -> 0.32818533 | I77: =IF(H51=0,"-",H25/H51) -> 0.3245283 | J77: =IF(I51=0,"-",I25/I51) -> 0.32960894 | K77: =IF(J51=0,"-",J25/J51) -> 0.32727273 | ... S77: =IF(R51=0,"-",R25/R51) -> -
B78: CMS CASA BRANCA | C78: CASA BRANCA ESB | D78: =IF(C52=0,"-",C26/C52) -> 0.18064516 | E78: =IF(D52=0,"-",D26/D52) -> 0.19354839 | F78: =IF(E52=0,"-",E26/E52) -> 0.22012579 | G78: =IF(F52=0,"-",F26/F52) -> 0.21212121 | H78: =IF(G52=0,"-",G26/G52) -> 0.17901235 | I78: =IF(H52=0,"-",H26/H52) -> 0.23214286 | J78: =IF(I52=0,"-",I26/I52) -> 0.26785714 | K78: =IF(J52=0,"-",J26/J52) -> 0.31176471 | ... S78: =IF(R52=0,"-",R26/R52) -> -
B79: CMS HEITOR BELTRÃO | C79: SALGUEIRO ESB | D79: =IF(C53=0,"-",C27/C53) -> 0.21119593 | E79: =IF(D53=0,"-",D27/D53) -> 0.19899244 | F79: =IF(E53=0,"-",E27/E53) -> 0.20707071 | G79: =IF(F53=0,"-",F27/F53) -> 0.19402985 | H79: =IF(G53=0,"-",G27/G53) -> 0.19012346 | I79: =IF(H53=0,"-",H27/H53) -> 0.17359413 | J79: =IF(I53=0,"-",I27/I53) -> 0.17560976 | K79: =IF(J53=0,"-",J27/J53) -> 0.16831683 | ... S79: =IF(R53=0,"-",R27/R53) -> -
C80: BARAO DE PIRASSINUNGA ESB | D80: =IF(C54=0,"-",C28/C54) -> 0.12019231 | E80: =IF(D54=0,"-",D28/D54) -> 0.09569378 | F80: =IF(E54=0,"-",E28/E54) -> 0.098039216 | G80: =IF(F54=0,"-",F28/F54) -> 0.11483254 | H80: =IF(G54=0,"-",G28/G54) -> 0.12206573 | I80: =IF(H54=0,"-",H28/H54) -> 0.12442396 | J80: =IF(I54=0,"-",I28/I54) -> 0.10502283 | K80: =IF(J54=0,"-",J28/J54) -> 0.099547511 | ... S80: =IF(R54=0,"-",R28/R54) -> -
C81: CATRAMBI ESB | D81: =IF(C55=0,"-",C29/C55) -> 0.17 | E81: =IF(D55=0,"-",D29/D55) -> 0.16097561 | F81: =IF(E55=0,"-",E29/E55) -> 0.14356436 | G81: =IF(F55=0,"-",F29/F55) -> 0.10891089 | H81: =IF(G55=0,"-",G29/G55) -> 0.092783505 | I81: =IF(H55=0,"-",H29/H55) -> 0.095959596 | J81: =IF(I55=0,"-",I29/I55) -> 0.10050251 | K81: =IF(J55=0,"-",J29/J55) -> 0.12195122 | ... S81: =IF(R55=0,"-",R29/R55) -> -
C82: SABOIA LIMA ESB | D82: =IF(C56=0,"-",C30/C56) -> 0.1640625 | E82: =IF(D56=0,"-",D30/D56) -> 0.1640625 | F82: =IF(E56=0,"-",E30/E56) -> 0.17073171 | G82: =IF(F56=0,"-",F30/F56) -> 0.184 | H82: =IF(G56=0,"-",G30/G56) -> 0.17886179 | I82: =IF(H56=0,"-",H30/H56) -> 0.17460317 | J82: =IF(I56=0,"-",I30/I56) -> 0.18110236 | K82: =IF(J56=0,"-",J30/J56) -> 0.16153846 | ... S82: =IF(R56=0,"-",R30/R56) -> -
B83: CMS HÉLIO PELLEGRINO | C83: VILLA LOBOS ESB | D83: =IF(C57=0,"-",C31/C57) -> 0.18965517 | E83: =IF(D57=0,"-",D31/D57) -> 0.20652174 | F83: =IF(E57=0,"-",E31/E57) -> 0.2 | G83: =IF(F57=0,"-",F31/F57) -> 0.2010582 | H83: =IF(G57=0,"-",G31/G57) -> 0.20304569 | I83: =IF(H57=0,"-",H31/H57) -> 0.18877551 | J83: =IF(I57=0,"-",I31/I57) -> 0.21674877 | K83: =IF(J57=0,"-",J31/J57) -> 0.23414634 | ... S83: =IF(R57=0,"-",R31/R57) -> -
C84: PRACA DA BANDEIRA ESB 1 | D84: =IF(C58=0,"-",C32/C58) -> 0.28235294 | E84: =IF(D58=0,"-",D32/D58) -> 0.28625954 | F84: =IF(E58=0,"-",E32/E58) -> 0.28185328 | G84: =IF(F58=0,"-",F32/F58) -> 0.29343629 | H84: =IF(G58=0,"-",G32/G58) -> 0.3129771 | I84: =IF(H58=0,"-",H32/H58) -> 0.32818533 | J84: =IF(I58=0,"-",I32/I58) -> 0.32046332 | K84: =IF(J58=0,"-",J32/J58) -> 0.30258303 | ... S84: =IF(R58=0,"-",R32/R58) -> -
C85: BANDEIRA ESB | D85: =IF(C59=0,"-",C33/C59) -> 0.7991453 | E85: =IF(D59=0,"-",D33/D59) -> 0.78661088 | F85: =IF(E59=0,"-",E33/E59) -> 0.77178423 | G85: =IF(F59=0,"-",F33/F59) -> 0.75619835 | H85: =IF(G59=0,"-",G33/G59) -> 0.60995851 | I85: =IF(H59=0,"-",H33/H59) -> 0.52742616 | J85: =IF(I59=0,"-",I33/I59) -> 0.50222222 | K85: =IF(J59=0,"-",J33/J59) -> 0.51401869 | ... S85: =IF(R59=0,"-",R33/R59) -> -
B86: CMS MARIA AUGUSTA ESTRELLA 2230305 + 2179253 + 2179245 | C86: SENADOR ESB | D86: =IF(C60=0,"-",C34/C60) -> 0.20338983 | E86: =IF(D60=0,"-",D34/D60) -> 0.20512821 | F86: =IF(E60=0,"-",E34/E60) -> 0.22033898 | G86: =IF(F60=0,"-",F34/F60) -> 0.22916667 | H86: =IF(G60=0,"-",G34/G60) -> 0.2388664 | I86: =IF(H60=0,"-",H34/H60) -> 0.25680934 | J86: =IF(I60=0,"-",I34/I60) -> 0.25182482 | K86: =IF(J60=0,"-",J34/J60) -> 0.23843416 | ... S86: =IF(R60=0,"-",R34/R60) -> -
C87: MIGUEL PEDRO ESB | D87: =IF(C61=0,"-",C35/C61) -> 0.22272727 | E87: =IF(D61=0,"-",D35/D61) -> 0.22272727 | F87: =IF(E61=0,"-",E35/E61) -> 0.19815668 | G87: =IF(F61=0,"-",F35/F61) -> 0.19266055 | H87: =IF(G61=0,"-",G35/G61) -> 0.19909502 | I87: =IF(H61=0,"-",H35/H61) -> 0.20535714 | J87: =IF(I61=0,"-",I35/I61) -> 0.22033898 | K87: =IF(J61=0,"-",J35/J61) -> 0.24596774 | ... S87: =IF(R61=0,"-",R35/R61) -> -
C88: CONSELHEIRO ESB | D88: =IF(C62=0,"-",C36/C62) -> 0.25 | E88: =IF(D62=0,"-",D36/D62) -> 0.22857143 | F88: =IF(E62=0,"-",E36/E62) -> 0.23873874 | G88: =IF(F62=0,"-",F36/F62) -> 0.25 | H88: =IF(G62=0,"-",G36/G62) -> 0.25423729 | I88: =IF(H62=0,"-",H36/H62) -> 0.26337449 | J88: =IF(I62=0,"-",I36/I62) -> 0.25581395 | K88: =IF(J62=0,"-",J36/J62) -> 0.25 | ... S88: =IF(R62=0,"-",R36/R62) -> -
B89: CMS NICOLA ALBANO | C89: BOA VISTA ESB | D89: =IF(C63=0,"-",C37/C63) -> 0.16569767 | E89: =IF(D63=0,"-",D37/D63) -> 0.18181818 | F89: =IF(E63=0,"-",E37/E63) -> 0.21282799 | G89: =IF(F63=0,"-",F37/F63) -> 0.2228739 | H89: =IF(G63=0,"-",G37/G63) -> 0.24225352 | I89: =IF(H63=0,"-",H37/H63) -> 0.23235294 | J89: =IF(I63=0,"-",I37/I63) -> 0.26628895 | K89: =IF(J63=0,"-",J37/J63) -> 0.2917847 | ... S89: =IF(R63=0,"-",R37/R63) -> -
B90: CMS NILZA ROSA | C90: RAIA ESB | D90: =IF(C64=0,"-",C38/C64) -> 0.29081633 | E90: =IF(D64=0,"-",D38/D64) -> 0.29591837 | F90: =IF(E64=0,"-",E38/E64) -> 0.30964467 | G90: =IF(F64=0,"-",F38/F64) -> 0.29081633 | H90: =IF(G64=0,"-",G38/G64) -> 0.30890052 | I90: =IF(H64=0,"-",H38/H64) -> 0.32804233 | J90: =IF(I64=0,"-",I38/I64) -> 0.33510638 | K90: =IF(J64=0,"-",J38/J64) -> 0.34615385 | ... S90: =IF(R64=0,"-",R38/R64) -> -
B91: CAP 2.2 | D91: =IF(C65=0,"-",C39/C65) -> 0.26896387 | E91: =IF(D65=0,"-",D39/D65) -> 0.26836759 | F91: =IF(E65=0,"-",E39/E65) -> 0.26886684 | G91: =IF(F65=0,"-",F39/F65) -> 0.26729272 | H91: =IF(G65=0,"-",G39/G65) -> 0.25760286 | I91: =IF(H65=0,"-",H39/H65) -> 0.25706595 | J91: =IF(I65=0,"-",I39/I65) -> 0.26085031 | K91: =IF(J65=0,"-",J39/J65) -> 0.26290569 | ... S91: =IF(R65=0,"-",R39/R65) -> -

Sheet abr
A1: Secretaria Municipal de Saúde
A2: Saúde-Rio
A3: Clinica Padrao (0000000)
A5: Acompanhamento Anual De Uma Pessoa Tabagista (VAR3.G10_T.2023.0)
A6: Data: 01.04.2026 a 30.04.2026
A8: Area | B8: A (VAR3.G10_A.2023.0) | C8: B (VAR3.G10_B.2023.0) | D8: C (VAR3.G10_C.2023.0) | E8: D (VAR3.G10_D.2023.0) | F8: Total
A9: ANDARAI | B9: 0 | C9: 0 | D9: 0 | E9: 0 | F9: 0
A10: GASTAO PENALVA I | B10: 20 | C10: 0 | D10: 10 | E10: 20 | F10: 0
A11: GASTAO PENALVA II | B11: 2 | C11: 0 | D11: 0 | E11: 2 | F11: 0
A12: ITORORO | B12: 65 | C12: 0 | D12: 5 | E12: 65 | F12: 0
A13: SMS CF ANDARAI AP 22 | B13: 87 | C13: 0 | D13: 15 | E13: 87 | F13: 0
A14: ADOLFO CAMINHA | B14: 78 | C14: 0 | D14: 17 | E14: 78 | F14: 0
A15: ANDARAI | B15: 0 | C15: 0 | D15: 0 | E15: 0 | F15: 0
A16: ARAXA | B16: 56 | C16: 0 | D16: 8 | E16: 56 | F16: 0
A17: ESPERANCA | B17: 67 | C17: 0 | D17: 18 | E17: 67 | F17: 0
A18: FURNAS | B18: 51 | C18: 0 | D18: 10 | E18: 51 | F18: 0
A19: SANTO ESTEVAO | B19: 143 | C19: 0 | D19: 68 | E19: 143 | F19: 0
A20: UBERABA | B20: 72 | C20: 1 | D20: 25 | E20: 71 | F20: 0
... A92: AP 2.2 | B92: 4366 | C92: 35 | D92: 1167 | E92: 4330 | F92: 3
A95: A - Ter registro de tabagismo na Ficha A. (VAR3 G10_A 2023.0)
A96: B - Ter realizado pelo menos 6 consultas com código SIGTAP 03.01.01.009-9 ou 03.01.08.001-1, nos últimos 12 meses, podendo ser realizada por médico(a), enfermeiro(a) ou cirurgião(ã) dentista. (VAR3 G10_B 2023.0)
A97: C - Ter realizado pelo menos um atendimento (procedimento odontológico individual ou atividade educativa em grupo de saúde) por CD, TSB ou ASB, com o código SIGTAP 01.01.02.004-0 ou 03.01.01.015-3 ou 01.01.01.001-0 ou 01.01.02.001-5 ou 01.01.02.002-3 ou 01.01.02.003-1 ou 01.01.02.004-0. Caso não haja eSB vinculada a equipe, não se considera este item. (VAR3 G10_C 2023.0)
A98: D - Não ter recebido LC no grupo de ação 10 para o mesmo paciente nos últimos 12 meses. (VAR3 G10_D 2023.0)
A99: Total - Um paciente é considerado neste grupo se forem verdadeiras as condições [A+B+C+D].

Sheet 2tri

Sheet mar
A1: Secretaria Municipal de Sa�de
A2: Sa�de-Rio
A3: Clinica Padrao (0000000)
A5: Acompanhamento Anual De Uma Pessoa Tabagista (VAR3.G10_T.2023.0)
A6: Data: 01.03.2026 a 31.03.2026
A8: Area | B8: A (VAR3.G10_A.2023.0) | C8: B (VAR3.G10_B.2023.0) | D8: C (VAR3.G10_C.2023.0) | E8: D (VAR3.G10_D.2023.0) | F8: Total
A9: GASTAO PENALVA I | B9: 20 | C9: 0 | D9: 10 | E9: 20 | F9: 0
A10: GASTAO PENALVA II | B10: 2 | C10: 0 | D10: 0 | E10: 2 | F10: 0
A11: ITORORO | B11: 66 | C11: 0 | D11: 4 | E11: 66 | F11: 0
A12: SMS CF ANDARAI AP 22 | B12: 88 | C12: 0 | D12: 14 | E12: 88 | F12: 0
A13: Maracan�nzinho | B13: 0 | C13: 0 | D13: 0 | E13: 0 | F13: 0
A14: Rei Pele | B14: 0 | C14: 0 | D14: 0 | E14: 0 | F14: 0
A15: SMS CF MARACANA - AP 22 | B15: 0 | C15: 0 | D15: 0 | E15: 0 | F15: 0
A16: ADOLFO CAMINHA | B16: 77 | C16: 0 | D16: 16 | E16: 77 | F16: 0
A17: ANDARAI | B17: 0 | C17: 0 | D17: 0 | E17: 0 | F17: 0
A18: ARAXA | B18: 58 | C18: 0 | D18: 11 | E18: 58 | F18: 0
A19: ESPERANCA | B19: 65 | C19: 0 | D19: 18 | E19: 65 | F19: 0
A20: FURNAS | B20: 56 | C20: 0 | D20: 10 | E20: 56 | F20: 0
... A94: AP 2.2 | B94: 4333 | C94: 35 | D94: 1165 | E94: 4296 | F94: 4
A97: A - Ter registro de tabagismo na Ficha A. (VAR3 G10_A 2023.0)
A98: B - Ter realizado pelo menos 6 consultas com c�digo SIGTAP 03.01.01.009-9 ou 03.01.08.001-1 | B98: nos �ltimos 12 meses | C98: podendo ser realizada por m�dico(a) | D98: enfermeiro(a) ou cirurgi�o(�) dentista. (VAR3 G10_B 2023.0)
A99: C - Ter realizado pelo menos um atendimento (procedimento odontol�gico individual ou atividade educativa em grupo de sa�de) por CD | B99: TSB ou ASB | C99: com o c�digo SIGTAP 01.01.02.004-0 ou 03.01.01.015-3 ou 01.01.01.001-0 ou 01.01.02.001-5 ou 01.01.02.002-3 ou 01.01.02.003-1 ou 01.01.02.004-0. Caso n�o haja eSB vinculada a equipe | D99: n�o se considera este item. (VAR3 G10_C 2023.0)
A100: D - N�o ter recebido LC no grupo de a��o 10 para o mesmo paciente nos �ltimos 12 meses. (VAR3 G10_D 2023.0)
A101: Total - Um paciente � considerado neste grupo se forem verdadeiras as condi��es [A+B+C+D].

Sheet jan
A1: Secretaria Municipal de Saúde
A2: Saúde-Rio
A3: Clinica Padrao (0000000)
A5: Acompanhamento Anual De Uma Pessoa Tabagista (VAR3.G10_T.2023.0)
A6: Data: 01.01.2026 a 31.01.2026
A8: Area | B8: A (VAR3.G10_A.2023.0) | C8: B (VAR3.G10_B.2023.0) | D8: C (VAR3.G10_C.2023.0) | E8: D (VAR3.G10_D.2023.0) | F8: Total
A9: ADOLFO CAMINHA | B9: 76 | C9: 0 | D9: 14 | E9: 76 | F9: 0
A10: ANDARAI | B10: 0 | C10: 0 | D10: 0 | E10: 0 | F10: 0
A11: ARAXA | B11: 61 | C11: 1 | D11: 13 | E11: 59 | F11: 0
A12: ESPERANCA | B12: 66 | C12: 0 | D12: 19 | E12: 66 | F12: 0
A13: FURNAS | B13: 57 | C13: 0 | D13: 10 | E13: 57 | F13: 0
A14: SANTO ESTEVAO | B14: 142 | C14: 0 | D14: 68 | E14: 142 | F14: 0
A15: UBERABA | B15: 69 | C15: 1 | D15: 26 | E15: 68 | F15: 0
A16: SMS CF ODALEA FIRMO DUTRA AP 22 | B16: 471 | C16: 2 | D16: 150 | E16: 468 | F16: 0
A17: CARUARU | B17: 94 | C17: 3 | D17: 26 | E17: 91 | F17: 0
A18: MARTINHO DA VILA | B18: 86 | C18: 0 | D18: 26 | E18: 86 | F18: 0
A19: NOEL ROSA | B19: 72 | C19: 1 | D19: 20 | E19: 71 | F19: 0
A20: POPULAR | B20: 76 | C20: 0 | D20: 18 | E20: 76 | F20: 0
... A87: AP 2.2 | B87: 4268 | C87: 34 | D87: 1138 | E87: 4230 | F87: 1
A90: A - Ter registro de tabagismo na Ficha A. (VAR3 G10_A 2023.0)
A91: B - Ter realizado pelo menos 6 consultas com código SIGTAP 03.01.01.009-9 ou 03.01.08.001-1, nos últimos 12 meses, podendo ser realizada por médico(a), enfermeiro(a) ou cirurgião(ã) dentista. (VAR3 G10_B 2023.0)
A92: C - Ter realizado pelo menos um atendimento (procedimento odontológico individual ou atividade educativa em grupo de saúde) por CD, TSB ou ASB, com o código SIGTAP 01.01.02.004-0 ou 03.01.01.015-3 ou 01.01.01.001-0 ou 01.01.02.001-5 ou 01.01.02.002-3 ou 01.01.02.003-1 ou 01.01.02.004-0. Caso não haja eSB vinculada a equipe, não se considera este item. (VAR3 G10_C 2023.0)
A93: D - Não ter recebido LC no grupo de ação 10 para o mesmo paciente nos últimos 12 meses. (VAR3 G10_D 2023.0)
A94: Total - Um paciente é considerado neste grupo se forem verdadeiras as condições [A+B+C+D].

Sheet fev
A1: Secretaria Municipal de Saúde
A2: Saúde-Rio
A3: Clinica Padrao (0000000)
A5: Acompanhamento Anual De Uma Pessoa Tabagista (VAR3.G10_T.2023.0)
A6: Data: 01.02.2026 a 28.02.2026
A8: Area | B8: A (VAR3.G10_A.2023.0) | C8: B (VAR3.G10_B.2023.0) | D8: C (VAR3.G10_C.2023.0) | E8: D (VAR3.G10_D.2023.0) | F8: Total
A9: ADOLFO CAMINHA | B9: 78 | C9: 0 | D9: 16 | E9: 78 | F9: 0
A10: ANDARAI | B10: 0 | C10: 0 | D10: 0 | E10: 0 | F10: 0
A11: ARAXA | B11: 61 | C11: 0 | D11: 14 | E11: 60 | F11: 0
A12: ESPERANCA | B12: 66 | C12: 0 | D12: 18 | E12: 66 | F12: 0
A13: FURNAS | B13: 58 | C13: 0 | D13: 11 | E13: 58 | F13: 0
A14: SANTO ESTEVAO | B14: 143 | C14: 0 | D14: 69 | E14: 143 | F14: 0
A15: UBERABA | B15: 67 | C15: 1 | D15: 27 | E15: 67 | F15: 1
A16: SMS CF ODALEA FIRMO DUTRA AP 22 | B16: 473 | C16: 1 | D16: 155 | E16: 472 | F16: 1
A17: CARUARU | B17: 94 | C17: 3 | D17: 28 | E17: 91 | F17: 0
A18: MARTINHO DA VILA | B18: 86 | C18: 0 | D18: 25 | E18: 86 | F18: 0
A19: NOEL ROSA | B19: 80 | C19: 1 | D19: 22 | E19: 79 | F19: 0
A20: POPULAR | B20: 77 | C20: 1 | D20: 18 | E20: 77 | F20: 1
... A87: AP 2.2 | B87: 4321 | C87: 32 | D87: 1150 | E87: 4288 | F87: 4
A90: A - Ter registro de tabagismo na Ficha A. (VAR3 G10_A 2023.0)
A91: B - Ter realizado pelo menos 6 consultas com código SIGTAP 03.01.01.009-9 ou 03.01.08.001-1, nos últimos 12 meses, podendo ser realizada por médico(a), enfermeiro(a) ou cirurgião(ã) dentista. (VAR3 G10_B 2023.0)
A92: C - Ter realizado pelo menos um atendimento (procedimento odontológico individual ou atividade educativa em grupo de saúde) por CD, TSB ou ASB, com o código SIGTAP 01.01.02.004-0 ou 03.01.01.015-3 ou 01.01.01.001-0 ou 01.01.02.001-5 ou 01.01.02.002-3 ou 01.01.02.003-1 ou 01.01.02.004-0. Caso não haja eSB vinculada a equipe, não se considera este item. (VAR3 G10_C 2023.0)
A93: D - Não ter recebido LC no grupo de ação 10 para o mesmo paciente nos últimos 12 meses. (VAR3 G10_D 2023.0)
A94: Total - Um paciente é considerado neste grupo se forem verdadeiras as condições [A+B+C+D].

Sheet mai
A1: Secretaria Municipal de Saúde
A2: Saúde-Rio
A3: Clinica Padrao (0000000)
A5: Acompanhamento Anual De Uma Pessoa Tabagista (VAR3.G10_T.2023.0)
A6: Data: 01.05.2026 a 31.05.2026
A8: Area | B8: A (VAR3.G10_A.2023.0) | C8: B (VAR3.G10_B.2023.0) | D8: C (VAR3.G10_C.2023.0) | E8: D (VAR3.G10_D.2023.0) | F8: Total
A9: ANDARAI | B9: 0 | C9: 0 | D9: 0 | E9: 0 | F9: 0
A10: GASTAO PENALVA I | B10: 20 | C10: 0 | D10: 10 | E10: 20 | F10: 0
A11: GASTAO PENALVA II | B11: 2 | C11: 0 | D11: 0 | E11: 2 | F11: 0
A12: ITORORO | B12: 65 | C12: 0 | D12: 5 | E12: 65 | F12: 0
A13: SMS CF ANDARAI AP 22 | B13: 87 | C13: 0 | D13: 15 | E13: 87 | F13: 0
A14: ADOLFO CAMINHA | B14: 78 | C14: 0 | D14: 16 | E14: 78 | F14: 0
A15: ARAXA | B15: 53 | C15: 0 | D15: 8 | E15: 53 | F15: 0
A16: ESPERANCA | B16: 66 | C16: 0 | D16: 17 | E16: 66 | F16: 0
A17: FURNAS | B17: 54 | C17: 0 | D17: 10 | E17: 54 | F17: 0
A18: ITORORO | B18: 64 | C18: 0 | D18: 11 | E18: 64 | F18: 0
A19: SANTO ESTEVAO | B19: 141 | C19: 0 | D19: 49 | E19: 141 | F19: 0
A20: UBERABA | B20: 83 | C20: 1 | D20: 29 | E20: 82 | F20: 0
... A92: AP 2.2 | B92: 4472 | C92: 42 | D92: 1152 | E92: 4436 | F92: 14
A95: A - Ter registro de tabagismo na Ficha A. (VAR3 G10_A 2023.0)
A96: B - Ter realizado pelo menos 6 consultas com código SIGTAP 03.01.01.009-9 ou 03.01.08.001-1, nos últimos 12 meses, podendo ser realizada por médico(a), enfermeiro(a) ou cirurgião(ã) dentista. (VAR3 G10_B 2023.0)
A97: C - Ter realizado pelo menos um atendimento (procedimento odontológico individual ou atividade educativa em grupo de saúde) por CD, TSB ou ASB, com o código SIGTAP 01.01.02.004-0 ou 03.01.01.015-3 ou 01.01.01.001-0 ou 01.01.02.001-5 ou 01.01.02.002-3 ou 01.01.02.003-1 ou 01.01.02.004-0. Caso não haja eSB vinculada a equipe, não se considera este item. (VAR3 G10_C 2023.0)
A98: D - Não ter recebido LC no grupo de ação 10 para o mesmo paciente nos últimos 12 meses. (VAR3 G10_D 2023.0)
A99: Total - Um paciente é considerado neste grupo se forem verdadeiras as condições [A+B+C+D].

Sheet jun
A1: Secretaria Municipal de Saúde
A2: Saúde-Rio
A3: Clinica Padrao (0000000)
A5: Acompanhamento Anual De Uma Pessoa Tabagista (VAR3.G10_T.2023.0)
A6: Data: 01.06.2026 a 30.06.2026
A8: Area | B8: A (VAR3.G10_A.2023.0) | C8: B (VAR3.G10_B.2023.0) | D8: C (VAR3.G10_C.2023.0) | E8: D (VAR3.G10_D.2023.0) | F8: Total
A9: ANDARAI | B9: 0 | C9: 0 | D9: 0 | E9: 0 | F9: 0
A10: GASTAO PENALVA I | B10: 22 | C10: 0 | D10: 10 | E10: 22 | F10: 0
A11: GASTAO PENALVA II | B11: 2 | C11: 0 | D11: 0 | E11: 2 | F11: 0
A12: SMS CF ANDARAI AP 22 | B12: 24 | C12: 0 | D12: 10 | E12: 24 | F12: 0
A13: ADOLFO CAMINHA | B13: 84 | C13: 0 | D13: 20 | E13: 84 | F13: 0
A14: ARAXA | B14: 56 | C14: 0 | D14: 9 | E14: 56 | F14: 0
A15: ESPERANCA | B15: 69 | C15: 0 | D15: 16 | E15: 69 | F15: 0
A16: FURNAS | B16: 57 | C16: 0 | D16: 8 | E16: 57 | F16: 0
A17: ITORORO | B17: 65 | C17: 0 | D17: 11 | E17: 65 | F17: 0
A18: SANTO ESTEVAO | B18: 146 | C18: 0 | D18: 39 | E18: 146 | F18: 0
A19: UBERABA | B19: 84 | C19: 1 | D19: 29 | E19: 83 | F19: 0
A20: SMS CF ODALEA FIRMO DUTRA AP 22 | B20: 561 | C20: 1 | D20: 132 | E20: 560 | F20: 0
... A91: AP 2.2 | B91: 4458 | C91: 40 | D91: 1146 | E91: 4413 | F91: 6
A94: A - Ter registro de tabagismo na Ficha A. (VAR3 G10_A 2023.0)
A95: B - Ter realizado pelo menos 6 consultas com código SIGTAP 03.01.01.009-9 ou 03.01.08.001-1, nos últimos 12 meses, podendo ser realizada por médico(a), enfermeiro(a) ou cirurgião(ã) dentista. (VAR3 G10_B 2023.0)
A96: C - Ter realizado pelo menos um atendimento (procedimento odontológico individual ou atividade educativa em grupo de saúde) por CD, TSB ou ASB, com o código SIGTAP 01.01.02.004-0 ou 03.01.01.015-3 ou 01.01.01.001-0 ou 01.01.02.001-5 ou 01.01.02.002-3 ou 01.01.02.003-1 ou 01.01.02.004-0. Caso não haja eSB vinculada a equipe, não se considera este item. (VAR3 G10_C 2023.0)
A97: D - Não ter recebido LC no grupo de ação 10 para o mesmo paciente nos últimos 12 meses. (VAR3 G10_D 2023.0)
A98: Total - Um paciente é considerado neste grupo se forem verdadeiras as condições [A+B+C+D].

Sheet jul
A1: Secretaria Municipal de Saúde
A2: Saúde-Rio
A3: Clinica Padrao (0000000)
A5: Acompanhamento Anual De Uma Pessoa Tabagista (VAR3.G10_T.2023.0)
A6: Data: 01.07.2026 a 31.07.2026
A8: Area | B8: A (VAR3.G10_A.2023.0) | C8: B (VAR3.G10_B.2023.0) | D8: C (VAR3.G10_C.2023.0) | E8: D (VAR3.G10_D.2023.0) | F8: Total
A9: ANDARAI | B9: 0 | C9: 0 | D9: 0 | E9: 0 | F9: 0
A10: GASTAO PENALVA I | B10: 22 | C10: 0 | D10: 10 | E10: 22 | F10: 0
A11: GASTAO PENALVA II | B11: 2 | C11: 0 | D11: 0 | E11: 2 | F11: 0
A12: SMS CF ANDARAI AP 22 | B12: 24 | C12: 0 | D12: 10 | E12: 24 | F12: 0
A13: ADOLFO CAMINHA | B13: 93 | C13: 0 | D13: 31 | E13: 93 | F13: 0
A14: ARAXA | B14: 56 | C14: 0 | D14: 9 | E14: 56 | F14: 0
A15: ESPERANCA | B15: 71 | C15: 0 | D15: 17 | E15: 71 | F15: 0
A16: FURNAS | B16: 61 | C16: 0 | D16: 7 | E16: 61 | F16: 0
A17: ITORORO | B17: 68 | C17: 0 | D17: 13 | E17: 68 | F17: 0
A18: SANTO ESTEVAO | B18: 143 | C18: 0 | D18: 41 | E18: 143 | F18: 0
A19: UBERABA | B19: 80 | C19: 1 | D19: 27 | E19: 79 | F19: 0
A20: SMS CF ODALEA FIRMO DUTRA AP 22 | B20: 572 | C20: 1 | D20: 145 | E20: 571 | F20: 0
... A91: AP 2.2 | B91: 4516 | C91: 45 | D91: 1178 | E91: 4472 | F91: 14
A94: A - Ter registro de tabagismo na Ficha A. (VAR3 G10_A 2023.0)
A95: B - Ter realizado pelo menos 6 consultas com código SIGTAP 03.01.01.009-9 ou 03.01.08.001-1, nos últimos 12 meses, podendo ser realizada por médico(a), enfermeiro(a) ou cirurgião(ã) dentista. (VAR3 G10_B 2023.0)
A96: C - Ter realizado pelo menos um atendimento (procedimento odontológico individual ou atividade educativa em grupo de saúde) por CD, TSB ou ASB, com o código SIGTAP 01.01.02.004-0 ou 03.01.01.015-3 ou 01.01.01.001-0 ou 01.01.02.001-5 ou 01.01.02.002-3 ou 01.01.02.003-1 ou 01.01.02.004-0. Caso não haja eSB vinculada a equipe, não se considera este item. (VAR3 G10_C 2023.0)
A97: D - Não ter recebido LC no grupo de ação 10 para o mesmo paciente nos últimos 12 meses. (VAR3 G10_D 2023.0)
A98: Total - Um paciente é considerado neste grupo se forem verdadeiras as condições [A+B+C+D].

Sheet ago
A1: Secretaria Municipal de Saúde
A2: Saúde-Rio
A3: Clinica Padrao (0000000)
A5: Acompanhamento Anual De Uma Pessoa Tabagista (VAR3.G10_T.2023.0)
A6: Data: 01.08.2026 a 31.08.2026
A8: Area | B8: A (VAR3.G10_A.2023.0) | C8: B (VAR3.G10_B.2023.0) | D8: C (VAR3.G10_C.2023.0) | E8: D (VAR3.G10_D.2023.0) | F8: Total
A9: ANDARAI | B9: 0 | C9: 0 | D9: 0 | E9: 0 | F9: 0
A10: GASTAO PENALVA I | B10: 22 | C10: 0 | D10: 10 | E10: 22 | F10: 0
A11: GASTAO PENALVA II | B11: 2 | C11: 0 | D11: 0 | E11: 2 | F11: 0
A12: SMS CF ANDARAI AP 22 | B12: 24 | C12: 0 | D12: 10 | E12: 24 | F12: 0
A13: ADOLFO CAMINHA | B13: 98 | C13: 0 | D13: 34 | E13: 98 | F13: 0
A14: ARAXA | B14: 55 | C14: 0 | D14: 9 | E14: 55 | F14: 0
A15: ESPERANCA | B15: 75 | C15: 0 | D15: 18 | E15: 75 | F15: 0
A16: FURNAS | B16: 64 | C16: 0 | D16: 8 | E16: 64 | F16: 0
A17: ITORORO | B17: 69 | C17: 0 | D17: 15 | E17: 69 | F17: 0
A18: SANTO ESTEVAO | B18: 146 | C18: 0 | D18: 32 | E18: 146 | F18: 0
A19: UBERABA | B19: 83 | C19: 1 | D19: 26 | E19: 82 | F19: 0
A20: SMS CF ODALEA FIRMO DUTRA AP 22 | B20: 590 | C20: 1 | D20: 142 | E20: 589 | F20: 0
... A91: AP 2.2 | B91: 4591 | C91: 43 | D91: 1207 | E91: 4545 | F91: 9
A94: A - Ter registro de tabagismo na Ficha A. (VAR3 G10_A 2023.0)
A95: B - Ter realizado pelo menos 6 consultas com código SIGTAP 03.01.01.009-9 ou 03.01.08.001-1 | B95: nos últimos 12 meses | C95: podendo ser realizada por médico(a) | D95: enfermeiro(a) ou cirurgião(ã) dentista. (VAR3 G10_B 2023.0)
A96: C - Ter realizado pelo menos um atendimento (procedimento odontológico individual ou atividade educativa em grupo de saúde) por CD | B96: TSB ou ASB | C96: com o código SIGTAP 01.01.02.004-0 ou 03.01.01.015-3 ou 01.01.01.001-0 ou 01.01.02.001-5 ou 01.01.02.002-3 ou 01.01.02.003-1 ou 01.01.02.004-0. Caso não haja eSB vinculada a equipe | D96: não se considera este item. (VAR3 G10_C 2023.0)
A97: D - Não ter recebido LC no grupo de ação 10 para o mesmo paciente nos últimos 12 meses. (VAR3 G10_D 2023.0)
A98: Total - Um paciente é considerado neste grupo se forem verdadeiras as condições [A+B+C+D].

Sheet set

Sheet out

Sheet nov

Sheet dez
